Claas Bruin	167
Anthony Jansen	114
Pieter Langendyk	108
Joannes Oosterwyk	104
Jan Baptista Wellekens	79
Willem van der Hoeven	74
Hendrik van de Gaete	65
David van Hoogstraten	62
Hendrik Snakenburg	55
Gijsbert Tysens	47
Jan Geldorp	43
Jacobus van der Strengh	42
Katharina Lescailje	39
Nikolaes Versteeg	34
Joannes van Braam	34
Ludolph Smids	33
Lucas Pater	29
Harmanus Meyer	28
Gerrit Fortgens	28
Kornelis Willemsz Westerbaen	27
Hermanus van den Burg	27
Adriaan de Kramer	26
Dirk Smits	26
Arnold Hoogvliet	25
Evert Visscher	22
Pieter Vlaming	22
Johannes Meyer	21
Govert Klinkhamer	21
Balthazar Huydecoper	21
Jan Goeree	21
Abraham Titsingh	21
Lambert van den Broek	20
Philip Zweerts	19
Adriaan Spinniker	19
Joannes Haverkamp	19
Bernardus de Bosch	19
Martinus Bodisco	18
Frans de Haes	18
J.V.	17
Kornelis Boon van Engelant	17
Hubert Kornelisz Poot	17
Govert van Mater	16
Jacob Josias Vryburgh van de Kapelle	16
Arnold Willis	16
Pieter Straat	16
Laurens Steversloot	16
Dirk Smout	16
Adriaan van der Vliet	15
Theodoor van Snakenburg	15
Pieter de Bye	15
Jan van Hoogstraten	15
Dirk Willink	15
Herkules Bouman	15
Matthaeus Brouërius van Nidek	15
Jacob van Veen	14
Cornelius van Arckel	14
Jan Luyken	14
Wilhelmus Lomannus	14
Daniel Willink	13
Jakob Kortebrant	13
Willem Kroon	13
Adolph Sluyter	13
Govard Bidloo	13
Jan de Timmerman	13
Lucas Schermer	13
Petrus Burman	13
J.B.	13
Johannes Schroder	12
Abraham Bógaert	12
Gerardus Kempher	12
Pieter van der Schelling	12
Frans Greenwood	12
Eduard van Nikkelen	12
Hendrik Schim	12
Isaac Thomasz Delcourt	12
Ernst Willem Higt	12
Hermannus Angelkot	12
Hubert Gregorius van Vryhoff	12
Isaac Verburg	11
Henri Jean Roullaud	11
Jakobus Andriessen de Waal	11
Michiel van Kouwenberg	11
Kornelis van Koeverden	11
Joan Suderman	10
Joost Sasselee	10
Maarten Kind	10
Jacob Voordaag	10
Joan Doornik	10
G. van Halmael	10
Jakob Zeeus	10
Joannes Badon	10
Eduard Feitama	10
Adriaan Pars	10
Jacob Spex	10
Dirk van Beek	10
Adriaan Jacobsz van Ommering	10
Jacob Lakeman	9
Robert Hennebo	9
Pieter van de Walle	9
Jan Jansz Lagendaal	9
Abraham de Haen (1707-1748)	9
Johannes Rotterdam	9
Arnoldus Henricus Westerhovius	9
Jacob Storm	9
Arnold Nachtegael Klemens	9
Joan de Haes	9
George Wetstein	9
Paulus Hendriksz Verryn	9
Henrik van der Marck	9
Lucas Frederik Schorer	9
Dionys Oortman	9
François Halma	9
Joannes Houbakker	9
Aäron van Hulkenroy	8
Abraham Haverkamp	8
Jan van Leeuwen	8
Cornelis Schoon	8
Otto Arntzenius	8
Isaac Feitama	8
Curtius Nordingh Doitsma	8
Joan Pluimer	8
Jan Olthoff	8
Caspar Brandt	8
Abraham de Haen	8
David van Royen	8
Carel Johan Houttuyn	8
Franciscus van Oudendorp	8
Willem Sobbe	8
Hendrik Smets	8
Jan van Gysen	7
Aegidius van Hoven	7
Jan Huibert Jungius	7
David Hooghuysen	7
J.W. Hazebroek	7
J.V.M.	7
Johan Steengracht	7
Pieter Michiel de Lichte	7
François van Bochoven	7
Thomas Arendsz	7
Casparus Henricus van Heimenberg	7
J.R. van Hoolwerff	7
Jacobus Targier	7
Pieter Adriaensz Verwer	7
Joannes Sluyter	7
Harmanus Asschenbergh	7
A.W.	7
Joost van den Vondel	7
Ahazueer van den Berg	7
Jan Arnold van Orsoy	7
Georgius van Zonhoven	7
Amaranthe Maria Paauw	7
Gilbert de Flines	7
L. Kramp	7
Gijsbert van der Goot	7
Jan de Regt	7
R. Blok	7
Ludovicus Ens	7
Lucretia Wilhelmina van Merken	7
Bernardus van Gerrevink	7
Lucas Trip	7
Roelof Wouters	7
Katharina Johanna de With	6
Joris van der Woude	6
Hendrik van Ouryk	6
Eduard Sennepart	6
Joan Bols ten Oever	6
Pieter (Jr) Merkman	6
Adriaan Kluit	6
Sara Maria van Ravesteyn	6
Jan Mol	6
Abraham van Limburg	6
Dirk van der Steen	6
Anthony Koppenol	6
D.D.Jz Geniets	6
Wouther de Kemp	6
J.H.	6
Theodoor Rodenburg	6
Hendrik Post	6
Pieter Rabus	6
Kornelis Elzevier	6
Hendrik van der Sande	6
Hendrik Hoffham	6
Pieter Langendijk	6
Petrus Francius	6
Joannes Albertus Jacobi	6
François de Kaarsgieter	6
Guiliam Toussaint Domis	6
Jan Copyn	6
Jacob Schim	6
Hermannus Gerardus Oosterdyk	6
Jan de Kruyff	6
Nicolaas van der Dussen	6
Jacob van Stamhorst	6
Nicolaas Capelle	6
Gerhard Alting	6
Jacob Hulk	6
Caspar Barlaeus	6
Frederik Hendrik Wetstein	6
Daniël de Burlett	6
Jacobus Willemsen	6
Willem Ostens	6
Jakob Johan Andriessen	6
Johannes ter Hofstede	6
Marinus Smytegelt	6
Jacob Lutkeman	6
Fredrik de Bruyn	6
Willem van der Pot	6
Johannes Lomannus	6
Jan Frederik Parvé	6
Lodewyk Bruyning	6
Petrus Dathenus	6
Jan Willem Kerkhoven	6
Jan Jacob Ojers	5
Adriaan van Cattenburch	5
C.A. Swyghuizen	5
C.L.	5
Gerred de Broen	5
Jan Terwen	5
Adrianus van Royen	5
Jan Maan	5
Franciscus Burman	5
Jan Pieter Theodoor Huydecoper	5
Jan van Elsland	5
Jan Melchiorsz van den Bosch	5
Jakob Schellinger	5
Matheus de Ruuscher	5
Cornelis van Bracht	5
Cornelis van Eeke	5
Adriaan Hoppestein	5
Petrus Smidt	5
Petronella Johanna de Timmerman	5
Roelof Westerop	5
Gysbert Pietersz van Schelle	5
Hendrik van Halmael	5
Pieter van den Berge	5
Kornelis van Slingeland	5
Hendrik Fouree	5
Jacob Michielsz Elias	5
Pieter de La Croix	5
Jan de Marre	5
Jan de Wys	5
Johannes van Toledo	5
Johan van Doesburg	5
Lambertus Evenhuis	5
Nicolaas Kien	5
Jacob Viruly	5
François Lentfrinck	5
Eduard van Harlingen	5
Jan van Dinteren	5
Lucas Rotgans	5
Nicolaas van Poelgeest	5
Fredrik Duim	5
Balthazar Nolthenius	5
Johannes Obreen	5
Jan Wandelaar	5
Jan van Ruster	5
Willem van der Jagt	5
Abraham Blussé	5
Enoch Krook	5
Willem van Swaanenburg	5
Abraham Meylincq	5
Willem Koolenkamp	5
A. de Brull	5
Willem Henskes	5
Joan Stouw	5
Marten Schagen	4
Petrus Bos	4
Geeraert Brandt	4
Christiaan Schaaf	4
Henricus Beeke	4
Laurens Bake van Wulverhorst	4
J.T.	4
Petrus Fredriksz Cramer	4
Johannes Erhard	4
Abraham Fortgens	4
Filips Piek	4
Wilhelmus van Ysselstein	4
Anthony Janssen van ter Goes	4
H. van Streek	4
Roeland van Leuve	4
Catharina Oillaarts	4
Joannes Reyniersz van den Broek	4
Joannes van Dam	4
Rudolph de Burlett	4
Lambert van Laar	4
Hendrik Sligtenhorst	4
P.S.	4
Everhard Kraeyvanger	4
Adrianus van Assendelft	4
Benedictus van Ryneveld	4
Isaac Wz Wolffganck	4
Petrus d' Orville	4
Petrus Smids	4
Thomas Zegersz van Son	4
Pieter Poeraet	4
Johannes Adriani Mensinga	4
Pieter Meyer	4
Antonius Faber	4
Hendrik Bosch	4
Pieter Huisinga Bakker	4
Cornelis Lely	4
Pieter de La Ruë	4
Magdalena Reen geb. Pollius	4
Pieter van Toorenburg	4
Arnold Moonen	4
Pieter Anthony de Huybert	4
Johannes van Dooreslaer	4
J.M.	4
Frederika Alida Tegneus	4
Hendrik Graauwhart	4
Frederik Wilhelm Westhovius	4
Frans Ryk	4
Tielman van Bracht	4
Cornelis Sweerts	4
Daniel Havart	4
Tileman Tamé	4
Arnoldus Lobedanius	4
Hendrik Houtkamp	4
Christoffel Pierson	4
Adrianus Severinus van Adelhoorn	4
Michiel van Bolhuis	4
J. Fortgens	4
Hendrik Tadee	4
Simon Schynvoet	4
Gerhard Step	4
Simon Ryser	4
Joachim Oudaan	4
Gerred de II Broen	4
Gerrit Blaaupot	4
Samuel van Hoogstraten	4
Franciscus Buning	4
Wilhelm Musketier	4
P. Pluym	4
Simon Doekes	4
Izaak Du Sart	4
Franc van der Burch	4
Jan Jansz Starter	4
Adriaan Heckenhoek	4
Izaak Duim	4
Hendrik van Poot	4
Segert Blankert	4
Josua van Iperen	4
David Ruarus	4
W. de Leeuw	4
Burgert van der Wael	4
Benjamin Taats	4
Michiel van Leeuwen	4
Jan de Haan	4
A.H.	4
Johannes Petraeus	4
Elbert Clermont	4
K. Casius	4
Michiel van II Leeuwen	4
Johannes Nicolaas Treytel	4
Joannes Vollenhove	3
Jan Adriaan van Wachendorff	3
Jan Althuysen	3
Johannes van Driest	3
Arnold Vosmaer	3
Jan Volkmar	3
Gerard Visscher	3
Jan van der Veen	3
Johannes Anthonius van Kinschot	3
Wilhem Suderman	3
Jan Balde	3
Nicolaas Vlier	3
Isaak Issendorp	3
Johannes Molinaeus	3
Gozewinus Loncq	3
Anthony de Harde	3
Daniel van Damme	3
Gerrit Veening	3
Johannes van Dyk	3
J.J.	3
A. de Sterke	3
Frans van Steenwyk	3
Pieter Grebber	3
Gerard Muyser	3
A. de Reus	3
Arend Rog-aar	3
Johannes Ratelband	3
Gerard de Haan	3
Willem Philipsz Kops	3
Joannes Oosterdyk	3
Gerard Westerwyk	3
Willem Onstenk	3
Arent van der Keere	3
Arnold Bouman	3
Willem Mylius	3
M.B.	3
Nicolaas Le Seur	3
Fransina Jacoba Coets geb. van Westrem	3
Wilhelm Otto Reitz	3
Pieter Delcourt	3
Willem Barents	3
Jacobus van Hoogstraten	3
François Jansz van Hoogstraten	3
N. Verbeek	3
J.V.A.	3
Jacobus Kuyleman	3
H. van Stryen	3
Carel Bouman	3
Mattheus Temminck	3
Aart Asschenbergh	3
Johannes Habbema	3
Gerardus van Wiert	3
A. van den Bogaard	3
W. Ribbius	3
David Fiers Kappeine	3
P. van Dam	3
Henriette Elizabeth de With	3
Barent Kok	3
Maximilianus van Offenberg	3
Meinardus Hemsterhuis	3
Jacob (Jr) Raket	3
Johannes Kalkoen	3
Meynert Pietersz Voskuyl	3
Carolus van Heusden	3
Michael Klinkhamer	3
Dirk Buisero	3
Jan van Arp	3
Gerbrant Adriaensz Brederode	3
H. Oortman (Jr)	3
Bernardus Elikink	3
Jacob Jansz Colevelt	3
Claas 't Lam	3
Everard de Burlett de jonge	3
Dirk ten Kate	3
Johannes Copijn	3
Joannes Brandt	3
Herman Boonen	3
Willem Blaauw	3
Maria Dorothea van Driest	3
Petrus Theodorus van Hamel	3
Daniel van Sloterdyck	3
Blasius van Slingeland	3
Jan Zoet	3
Abraham Heems	3
H.S.	3
Assuerus Issendorp	3
Bernardus Mourik	3
François Issendorp	3
Abraham Elzevier	3
Jacobus de Groot	3
B. Goorn	3
Bernardus van der Velde	3
Gerardus Outhof	3
Johannes Fockens	3
Siward Haverkamp	3
Marten Smets	3
Jacobus Jaspersen Brasser	3
Diederik Steenwinkel	3
Jacobus de Boer	3
Gerardus Schroder	3
Gulliam van der Sluys	3
Cornelis Domburg	3
Joannes van Herwerden	3
Hendrik Schutte	3
Abraham den Back	3
T. van Sadelhof	3
Jan Guepin	3
J. de Witt	3
Eduard van Zurck	3
Henrick Raket	3
Abraham de Bucquoy	3
Cornelis van Walcheren	3
Joan Jacob Mauricius	3
Reinier Boitet	3
Johan van Eysden	3
Leendert van Velsen	3
Regnerus de Lover	3
Johan van Sypesteyn	3
Ralph Schomberg	3
Cornelis van Bosvelt	3
Libertus Munnikhuysen	3
Hendrik Kappenberg	3
Joannes de Mol	3
J. van der Wouw	3
A. Speelman	3
Isaac Boonen	3
Isaac Bronkhorst	3
Anna Maria Reitz	3
G.V.M.	3
Hugo de Groot	3
Hendrik Gerardsz Croese	3
Joannes Hancock	3
Julius Caesar Boëthius	3
Simon Simonides	3
Joannes van den Broek	3
A. Bakhuizen	3
A. Benoorden	3
F. Zoeten	3
Joachim Oudaen (1716-1787)	3
J. Spanjert	3
G. de Jong	3
Jan Koekebakker	3
Adriaan Matthiasz Okhuysen	3
Katharina Lusia van Ravesteyn	3
Klara Ghyben	3
Hendrik de Witte Tierings	3
Kornelis Jongerhelt	3
Josua van Huysum	3
Joannes Arntzenius	3
G.B.	3
L. Coster	3
Jan Jacob de Haan	3
Samuel Bosch	3
Hendrik Vieroot	3
Jan Sieuwertsz Kolm	3
Adrianus Wolff	3
Abraham van Loon	3
Pieter van den Bosch	3
Henrick Bruno	3
Pieter van Weyler	3
Frans de Haes (1708-1761)	3
Hendrik Brouwer	3
Hendrik Callenbach	3
Cornelis Lelivelt	3
Hendrik Campen	3
Theodorus Verhoeven	3
Theodorus Paludanus	3
Jan Bosch	3
Gerard Bullens Voogt	3
Anthony Bartelink	3
Jan Biman	3
Anthony Buiteweg	3
Cornelis Nieuwoudt	3
Pieter van Belle	3
Janus Broukhusius	3
Hieronymus Simonsz van Alphen	3
Johanna Magdalena Koekebakker	3
Daniel Rutgers	3
Johannes Plevier	2
D. Heerde	2
Josina Pielat	2
Willem Spiering	2
Ysbrant George Bruyn	2
Jan Wybo	2
Justus van Maurik	2
Hermanus Coster	2
Joannes Michell	2
N. Smient	2
Mozes van Hulkenroy	2
Cornelis Jacobsz Ploos van Amstel	2
Kornelis van der Sleyden	2
Gerard Le Maire	2
Gerrit van Dulken	2
Kornelis van Dokkum	2
Jan Remery	2
F. Roswinkel	2
Jan Arendsz Rog-aar	2
N. ten Have	2
Kornelis Kriek	2
L. Ryk	2
Ysbrand Ysbrandsz Vincent	2
Carel Prince	2
Willem Duim	2
Gerard Nicolaas Heerkens	2
Joannes Antonides van der Goes	2
Cornelius van Velzen	2
Carolus Limberger	2
Jan Pieter Lobé	2
Cornelia van der Veer	2
Joannes Naeranus	2
Jan Isaac Robidé	2
Carel Wouter Visscher	2
Cornelis Izaaksz van den Bogaerd	2
Isaac Lohoff	2
L.C.	2
L.B. de Graaf	2
Justus de Bruyn	2
Jan Abraham Willink	2
Jan Jacob Beels	2
G.K.	2
Moses Giron	2
N. ten Kate	2
Joannes G.L. Brandt	2
Nicolaas Simon van Winter	2
C.H.	2
A. Breur	2
Willem Schuyt	2
Gerrit Martens	2
C.B.	2
Josua van der Poorten	2
Jan Verhoeve	2
Isaak Pietersz Hoogenbergh	2
A.B.A.	2
Hermannus Werumeus	2
Nicolaas Faas	2
I.D.B.	2
Jacobus Adrianus Folkers	2
M. Langevelt	2
Cornelis Cornelisz van den Broek	2
M. Wagenveld	2
Jan Bent	2
M. Vermaas	2
K. van Bragt	2
Cornelis Cramer	2
Johannes Schrader	2
Jan Nessing	2
Jan de Cerff	2
C.H. de Wit	2
C.R.	2
Gerrit Bouman	2
N. van Ouderkerck	2
N. van Schooten	2
Joannes Franciscus Delsing	2
Jan Jansz de Cerff	2
N.B.	2
G.R.	2
Jacobus Henricus Dreux	2
I.F.	2
Isaac Potholt	2
Johannes Smetius	2
Felix de Klopper	2
N.N.	2
Nicolaas Simon van Leeuwaarden	2
Jacobus Dop	2
Jacobus Doitsma	2
Willem Arnold Alting	2
Nicolaas Philip van der Ghiessen	2
Menno Nieuwouts	2
Meinardus Evenhuis	2
Caspar Beels	2
Maria Huygens	2
Christoffel Kristiaan Brender à Brandis	2
A. Rotteveel	2
Jan Frederik Teeckman	2
Jacobus van Buizen	2
Christoffel Brandt	2
Magdalena Mansveld	2
Christina van Driest	2
Christina Leonora de Neufville	2
Conradus Busken	2
Cornelis van Heycop	2
Leonard Goris	2
Cornelius Thoen	2
Christianus Brinck	2
F.H. Wetstein	2
Jacobus de Rhoer	2
Cornelia Adriana Folkers	2
Isaac Sweers (Jr)	2
Jacobus de II Visscher	2
Magdalena Barbara Wellekens	2
Maria de Wilde	2
Maria van Irhoven	2
Maria van Ophoven	2
Willem van Ranouw	2
Cornelis de Wolff	2
Jan Egbertsz Buys	2
Cornelis Westerbaan	2
Willem Kops	2
Willem de Bruyn	2
Gerard van Kervel	2
Willem de Roo	2
Coenraad Hollebeek	2
Gerard van Nyendael	2
Lucas van de Poll	2
Gerard de Wind	2
Willem den Elger	2
Hieronymus Christianus	2
Ludovicus Kluyt	2
Willem van Doorn	2
Gelinus van Spaan	2
Gerardus Hermannus Oosterdyk	2
Isaac Schorer	2
Claas t Lam	2
Willem van Heemskerk	2
Cornelis Vrolikhert	2
Claas Veeckens	2
Willem Kersseboom	2
Lucas Bols	2
Gerardus Noest	2
Jan Spiering	2
Willem Joachim de Laver	2
Johannes d' Outrein	2
Jacobus Terpstra	2
Nicolaas Wilt	2
Jan Snauwaardt	2
Jan Hartgers Asschenberg	2
Joannes Jens	2
M. Domp	2
Mattheus van Hoogstraten	2
Willem Rabus	2
Jacobus Revius	2
Matthijs Straalman	2
Wouter Peereboom	2
Casparus Danckers	2
A. Jonas	2
Maximiliaan Vermeere	2
Lambert van den Bosch	2
A. Hoppestein	2
Fredrick Slob	2
David Doornik	2
Hilbrand Verlaan	2
Lambert Bidloo	2
Hermanus Hermansz	2
Catharina van Laren	2
Cornelis van der Pot	2
Jan Cloppenburg	2
Jan Groeneveldt	2
Cornelis van Leuve	2
Cornelis van Ophoven	2
Hobbo Lemke	2
Christiaan Klaarbout	2
Laurens de Haan	2
Daniel Heinsius	2
I.V.B.	2
Jan Gerard de Wys	2
Christiaan Bongardt	2
Geertruid Beukelaar	2
Gerard de Roy	2
Everhardus Webster	2
Hester van Halmael	2
Christaen de Groot	2
A. Kuypers	2
Gerard Winter	2
Martinus van Lankeren	2
Jan Baptista Ryke	2
Jan Brak	2
Jan Willem van Hoogstraten	2
Willem Hendrik Jacob	2
M.M. Wiel	2
Stephanus Marchant	2
Gijsbert Rijkman	2
Pieter de Mortier	2
Emanuel der Kinderen	2
Pieter de Bruyn	2
Pieter Voltelen	2
Pieter Verhoek	2
Anthonie Balen	2
Pieter Swartendyk	2
Joannes Wolbers	2
Pieter Slooff	2
Hendrik Borsboom	2
Pieter Schim	2
Anthony Christiaan Muller	2
Johannes (Jr) Bredenburg	2
Henricus Joannes Arntzenius	2
Theodorus van Brederode	2
J.D.M.	2
J.D.	2
Johanna van Arrewyne	2
Pieter Oursiere	2
Hendrik Damman	2
R. Kiliaansz van Rensselaar	2
Anna Elizabeth Harderwyk	2
Joan Leonardsz Blasius	2
Frans Robidé	2
Hendrik Hendriksz Boel	2
J.A.	2
Theodorus Brunsvelt van Hulten	2
Pieter van der Nolk	2
E.C.	2
Pieter van den Broek	2
J. Hoepeling	2
Henricus Gockinga	2
Theodorus Haganaeus	2
Theodorus Kruythoff	2
J. Helgers	2
Jan van der Voort	2
J.E. Sasselee	2
R. Stapel	2
Frans van Oort	2
J.H. Gravia	2
Pieter Fontein	2
Johannes Bosch	2
Jan van Wylik	2
Jan van Westerhoven	2
Heere Oosterbaan	2
Jan van Vliet	2
Arent van Gysen	2
Arent van Veen	2
Pieter Caauw	2
Fransina Jacoba Coets geb. Van Westrem	2
Joan Wilhelm Claus van Laar	2
Pieter Boudery	2
Pieter Boddaert (1694-1760)	2
Pieter Boddaert	2
Abraham Moubach	2
Pieter Hoeufft	2
Abraham Peyster	2
Helena Filedt geb. Buyts	2
Pieter Merkman (Jr)	2
Johannes Ameldung	2
Jan van der Sys	2
Antonia Bakx	2
Thomas Hoog	2
Hendrick A. Benseler	2
Pieter Koeye	2
Jan van der Souw	2
J.F.	2
Frans van Lelyveld	2
Pieter Jansz Boer	2
Johannes Beukelaar	2
Johannes Bevers	2
Wilhelmus Themmen	2
Pieter Hoogenbergh	2
E.J. van Arrewyne	2
Hendrik Issendorp	2
Harmanus Volkmar	2
Steven van Esveldt	2
Franciscus Adrianus van Achter	2
Joachim Cranendonck	2
Samuel van Schalkwyk a Velden	2
Abraham van Ruster	2
Samuel de With	2
J. Verhoek	2
Adriaan de Jonge	2
Susanna Maria Mill	2
Samuel Munckerus	2
Adriaan de Wacker	2
Joannes van Schelle	2
Elbertus Waller	2
Hendrik Willem Dronsberg	2
Hendrik Vroom	2
Adriana Jacoba de Burlett	2
Sara Maria van der Wilp	2
Hendrik ten Hove	2
Hendrik Toren	2
Adriaan Koekebakker	2
Simon van Leeuwaarden	2
J. Roeters	2
J. Schollevanger	2
Simon Verlaan	2
Simon Styl	2
Joannes van der Horst	2
Adolph van Asperen	2
Adolph van Heldersberg	2
Simon Jansz Beeke	2
Floris Schouten	2
Stephanus Stoop	2
Sibrecht Buys	2
Servatius van de Coppello	2
Joachim Oudaen	2
Abraham van der Sande	2
Egidius Beukelaar	2
Egbert van Karnebeek	2
E.M. de Burlett	2
J. Kuyleman	2
J. van Asperen	2
Johan Pieter Broeckhoff	2
Reyer Anslo	2
Hendrik Matthijsz Lussing	2
Alida van Driest	2
Abraham West	2
J. van Groenveld	2
Andreas Andriessen (1733-1800)	2
Johan van Paffenrode	2
J. van Leeuwaerden	2
Hendrik Koek	2
R.B.	2
R.A. Hoyman	2
Frans Bosboom	2
R. de Kruif	2
Rinnardus Heimans	2
J. de Wit	2
Hendrik Stockinck	2
Egbert Janzonius	2
Johan Hofman	2
Adrianus van Well	2
Hendrik van der Hulst	2
J. de Lange	2
Sybrand Feitama	2
J. de Melander	2
J. de Roode	2
Rutger Schutte	2
Agatha Maria Sena	2
Rudolph Marcus	2
Rudolf Wetstein	2
Abraham van Beaumont	2
Albert Kerckesant	2
T. van Velsen	2
Roeland van Leuven	2
Arnold Klemens	2
Pieter Hoogenhuysen	2
J.J. Efflant	2
Gysbert Scholten	2
W. de Koker	2
P. de Vogel	2
Bernard Houtman	2
H. Croese	2
Jacob Hooghcamer	2
A.V.H.	2
Dionys Janzonius	2
Jan de Vries	2
Everard Janszoon de Burlett	2
Gysbertus Koen	2
Johannes Marshoorn	2
Everard de Burlett	2
A.V.B.	2
Jacob Konijnenbergh	2
P. Klinkhamer	2
Jacob Gerst	2
H. Le Grand	2
P. van Loo	2
Dirk Cloes Lutkeman	2
Dirk Elders	2
A.W. van Limburch	2
P.N.	2
Bartholomaeus Sieben	2
Dirk Dirkse Blom	2
Jan van Cralingen	2
Jacob Brandt	2
Johannes Johannis	2
Bartholomeus van Gent	2
Bartholomeus van Leuvenig	2
Dirk Buysero	2
Jan der Kinderen	2
Arnold Rotterdam	2
H. Scheltus	2
Bernhardus Alting	2
Herman Rampen	2
Joannes Pierson	2
Jacob Langerak Oosterland	2
Govert Rolandus	2
Herman van Loon	2
Wilhelm Byll	2
Johannes Molinaeus (Jr)	2
Goswyn Schluiter	2
Wilhelm de Haan	2
Jacob Vos	2
Jan de Man	2
Hermannus Joannes Egberts	2
C. Schouten	2
Jacob Zoutman	2
A.J.	2
Izaak (Jr) Du Sart	2
Wilhelmus La Bordus	2
Hermannus Oosterdyk Schacht	2
Ocke Jeyes	2
Wernerus Köhne	2
Warner Lulofs	2
Gulielmus Titsingh	2
A.T. Hoorn	2
Diderik van Bleiswyk	2
J. Baarenbroek	2
Gysbert Bremer	2
Boudewyn Smit	2
Izak Thin	2
Izaak van der Vinne	2
Warner Doekes	2
Diderik Waller	2
A.S.	2
Gualterus de Roy	2
W.S.	2
A.R. Reen	2
Jacob Raket (Jr)	2
Jan van Damme	2
P. Roos	2
J.Wz Dop	2
Petrus Ens	2
J.L.	2
Petrus de Wit	2
Petrus Wilhelmus Callenfels	2
Dirk Omstede	2
Paulus van Lelyveld	2
J.M. Stochius	2
H.C.	2
J.P. van Stuyvesant	2
J. Buys	2
J. Carel	2
Abraham Bogaert	2
H. van der Keere	2
Vryhart	2
H. van der Mark	2
Petrus Ameshoff	2
Petrus Thierens	2
Balthazar Carull	2
Petrus Angillius	2
Eva Ens	2
H.A. Sluyter	2
Johannes Fredericus Reitz	2
Abraham Hellenbroek	2
Petrus Cobbe	2
H.M.	2
Johannes Eusebius Voet	2
Joan Willem Hachmeester	2
Henrik Muilman	2
W. Oortman	2
Pierre van der Poel	2
Pierre Marin	2
Petrus Leonardus Le Grand	2
H. van Brevoort	2
Arnoldus Ameshoff	2
Thymon van Schoonhoven	2
Arnoldus Arendsz	2
Valentijn Jan Blondeel	2
Jan van Dyk	2
Henricus Stephanus van Son	2
Abraham Burman	2
Philip Willem Croyzé	2
B.T.	2
FranÃ§ois Halma	2
Henricus Velthusius	2
Paulus Jansz Wenkink	2
Abraham Erbervelt	2
Henrik van Elvervelt	2
H. van Lochem	2
Petrus Hossee	2
Arnoldus Olofsen	2
Petrus Schaak	2
G. Marchand	1
F.D.K.	1
Franciscus Burman (1708-1793)	1
Fredrik Abrahamsz Issendorp	1
G. Mens	1
F.D.H.I.	1
Frederik Vaster	1
François Chamois	1
François Berck	1
Floris Carel Telkamp	1
François van Bleiswyk	1
Floris Lakeman	1
F.B.S.	1
F.H. van Berck	1
FranÃ§ois de Kaarsgieter	1
G. Rolandus	1
G. Noppen	1
F. à Meynsma	1
F. van Bochoven	1
François de Bruinne	1
G. Regtering	1
G. J.V.W. Mosis	1
F.D.L.	1
Florentius Croon	1
Franco Snellinx	1
F.R.	1
François J.R. Bekius	1
Frederik Daniel Bongardt	1
Fredrik de Harde	1
G. Brun	1
François Noël	1
Frans der (Jr) Kinderen	1
Frans J.V.M. Ryk	1
Frans de Haes (c.1658-1690)	1
G. A.V.S. Swigtenheuvel	1
Fs van Zoelen	1
Friedrich Adam Widder	1
F.H. Heyblom	1
Frederik Jan Parvé	1
François Jan Melissen	1
Frans Martin	1
F.L.W. Grand	1
Ferdinandus van Boneval	1
Frans Zael	1
François Wilhem Westerhout	1
G. Buys	1
Franciscus Ludovicus Piazzoll	1
Filips George Piek	1
Franciscus Ridderus	1
Franciscus de P.V.H. Laet	1
G. Isacksz	1
Femina Heems	1
G. Houx de Gramant	1
François van Hessel	1
Franciscus de Wael	1
François van Hoogstraeten	1
G. Hoogheyde	1
F.V.W.	1
F.G. I.I.D. Issendorp	1
Frans der Kinderen	1
G. G.M. Marthens	1
Fredrik Jansz Richters	1
Frederik Theodoor Reitz	1
F.J. Veltkamp	1
F.V.A.Jz	1
G. Dell	1
François de A.W. Kaarsgieter	1
Francois Chamois	1
van der Meer	1
G. Smidt	1
Hendrik van Duiveland	1
Hendrik Reiniersz Reyne	1
Hendrik Redogh	1
Hendrik Ravesteyn	1
Hendrik Ravekes	1
Hendrik Pieterson	1
Hendrik P.V.N. Beth	1
Hendrik Meysenheym (Jr)	1
Hendrik Matthijsz Jugatinus Philomusus Lussing	1
Hendrik Lussing Matthyszoon	1
Hendrik Luden	1
Hendrik La Staal	1
Hendrik Kroon	1
Hendrik Koornhuys	1
Hendrik Kolenbrander	1
Hendrik Kemper	1
Hendrik Schaade	1
Hendrik Speciaal	1
Hendrik Stam	1
Hendrik de Roo	1
Hendrik van Castrop	1
Hendrik van Casteren	1
Hendrik van Beerendrecht	1
Hendrik jr Graauwhart	1
Hendrik de de Witte Tierings	1
Hendrik de Wacker van Son	1
Hendrik de Pyper	1
Hendrik Sylvius	1
Hendrik de Exter	1
Hendrik Y.B.A. Boom	1
Hendrik Woutersz Kerfbyl	1
Hendrik Willem Cramer	1
Hendrik Wilkens	1
Hendrik Versteeg	1
Hendrik J.V.L. Leeuwschen	1
Hendrik J.J.M. Smets	1
Hendrik J.C. Das	1
Helena Claver	1
Hendrick van der Pals	1
Hendrick Beck	1
Henderik Muller	1
Helena van Arrewyne	1
Helena Maria Beukelaar	1
Helena Linklaan	1
Helena Catharina Freudenberg geb. Hoffmann	1
Hendrik (Jr) Graauwhart	1
Helena Buys	1
Helena Beukelaar	1
Heinrich Lamberts	1
Heere C.R. Oosterbaan	1
Hector Bouricius	1
Harmen Angel	1
Hendrickus Wilhelmus Fremyn	1
Hendrik (Jr) Meysenheym	1
Hendrik Isaacsz Marchant	1
Hendrik Fiers Ravesteyn	1
Hendrik Holiarhoek	1
Hendrik Hermansz	1
Hendrik Helders	1
Hendrik Gerritsz Staats	1
Hendrik Gerrit de Valk	1
Hendrik G.P. Schutte	1
Hendrik Dykman	1
Hendrik A.B. Brinkman	1
Hendrik Dauw	1
Hendrik Das	1
Hendrik Cramer	1
Hendrik Coeymans	1
Hendrik Assuerusz Issendorp	1
Hendrik Ackervelt	1
Hendrik van Diest	1
Hendrik van Emst	1
Harmanus Gosinck	1
Hendrik van Oeryk	1
Hippocrates	1
Hilgonda Maria Schagen van der Goes	1
Hester Zimmerman Koolaert	1
Hermanus van den I.W. Berg	1
Hermanus van Reyneveld	1
Hermanus de Vries	1
Hermanus Verwit	1
Hermanus Jansz van Noorlé	1
Hermanus Haakman	1
Hermanus Fison	1
Hermanus Elias	1
Hermanus Berveling	1
Hermanus Beerents	1
Hermanus Ameshoff	1
Hermannus Veeckens	1
Holland Valk van Blanken	1
Hs Baalman	1
Hugo Frederik Gildemeester	1
I. J.T. Overzee	1
I. Ploos van Amstel	1
I. N.S. Buys	1
I. Mooy	1
I. Mom	1
I. Luytsz van Kittensteyn	1
I. Lootens	1
I. I.V.H. Bruynvis	1
Huibert de Jong	1
I. Houtman	1
I. Groot	1
I. G.V. Raket	1
I. F.V.L. Brink	1
I. Bouman	1
Huybregt van Maaswinkel	1
Hermannus Schyn	1
Hermannus Joannesz Oosterdyk	1
Herman van Broyel	1
Hennius Johannes Folmer	1
Henricus Cranendonck	1
Henricus Christianus Henninius	1
Henricus Cannegieter	1
Henricus Broeker	1
Henricus Benthem	1
Henri Du Rieu	1
Hendrina Hartwyk	1
Henricus Gualtherus Bornman	1
Hendrikus H.V.M. Velthuysen	1
Hendrik van den Hooght	1
Hendrik van de Goese	1
Hendrik van Wyn	1
Hendrik van Wayenburg	1
Hendrik van Santen	1
Henricus Du Rulaeus	1
Henricus Huysselaar	1
Herman Ottoz. Schutte	1
Henricus van Herwerden	1
Herman Kaau Boerhaave	1
Herman Christiaan Langreuter	1
Herman Boerhaave	1
Hercules van Hoornbeek	1
Henricus van der Stam	1
Henricus van Steenbergen	1
Henricus van Cranenburg	1
Henricus Iz Leembrugge	1
Henricus de Wolf	1
Henricus Noijen van Vollenhoven	1
Henricus Nierop	1
Henricus M.G.M. Kintius	1
Henricus Jonckheyn	1
Henricus Joculator	1
Harmanus J.H. Volkmar	1
H.v.H.	1
G. Stam	1
Gerrit Hoyer	1
Gerardus Knoll	1
Gerardus Johannes Vossius	1
Gerardus Joannes Swaan	1
Gerardus Halma	1
Gerardus (Jr) Lequien	1
Gerarda van Pembroek	1
Gerard van Westerwyk	1
Gerard van Nyendaal	1
Gerard van Heyningen	1
Gerard Swam	1
Gerard Mulier	1
Gerard Moll	1
Gerard J.V.M. Westerwyk	1
Gerard Hoffham	1
Gerard Fak	1
Gerardus M.J.S. Noest	1
Gerardus Nagtglas	1
Gerardus Quant	1
Gerrardus de Lange	1
Gerrit David Jordens	1
Gerrit Coenraad Ojers	1
Gerrit Bruin	1
Gerrit Brandt	1
Gerrit Boddens	1
Gerrit Blaaupot de jonge	1
Gerhard Nahuys	1
Gerardus Weyland	1
Gerhard Mauritz	1
Gerbrandt Oldersma	1
Gerbrand Vederman	1
Gerardus van der Hof	1
Gerardus de Haas	1
Gerardus Wilhelmus Goltz	1
Gerard Croese	1
Gerard Clemens	1
Gerard Bouricius (Jr)	1
G. van der Gugten	1
G.L.T.J.	1
G.D.W.	1
G.D.C.	1
G.C.V.O.P.O.D.C.V.L.E.N.R.L.	1
G.C. Ketelaar	1
G. van der Stoot	1
G. van der Graaf	1
G.P. Swertner	1
G. ten Naarden	1
G. le Maire	1
G. de Haas	1
G. Wetstein	1
G. Vligerius	1
G. Tinnemans	1
G.L.T.j	1
G.V.B.	1
Gerard Bouricius	1
Geertruij Adriana Scharff	1
Georgius Sonhoven	1
Georgius Jsz van den Ende	1
George Constantyn van Overvelt	1
Geertruyda Oosterland	1
Geertruy Linthorst	1
Geertruij Sara van Boneval	1
Geertruida Maree	1
G.V.H.	1
Geertruid Zwaan	1
Geertruid Enten	1
Geerhart de Lange	1
Gaspar Rudolf van Kinschot	1
G.V.P.	1
G.V.L.	1
Gerrit Hendricxsz van Breughel	1
Gerrit Lem	1
H.v.B.	1
Gerrit Muller	1
H. van Santen	1
H. van Laar	1
H. van Eys	1
H. van Doornum	1
H. van Diemen	1
H. van Barn-in't-Loo	1
H. v. Stryen	1
H. v. H.	1
H. de Melander	1
H. de La Riviere	1
H. Wittemeyer	1
H. Wibbing	1
H. Wesselink	1
H. Vogelius	1
H. Ulhoorn	1
H. van Wullen	1
H. van der Heyden	1
H. van der Vyver	1
H.L. van Linden	1
H.V.D.	1
H.V.B.	1
H.V. van Blanken	1
H.V.	1
H.T. Heymannus	1
H.T.	1
H.L. F.S. Noortbergh	1
H.B.	1
H.L.	1
H.K.A.	1
H.H. van Veen	1
H.G. (Jr)	1
H.C. Dreesing	1
H.B. van Aalst	1
H. Stapert	1
H. Spille	1
H. Schröder	1
Gerrit van Thiel	1
Godewardus Vrolikhert	1
Godewaard de Casembroot	1
Godefridus Duysendpond	1
Godefridus Callenfels	1
Gijsbert van der J.D.M. Goot	1
Gerrit van der Veer	1
Gerrit van Gogh	1
Govert van den Wijngaert	1
Gerrit de Roy	1
Gerrit de Haas	1
Gerrit Willem van Oosten de Bruyn	1
Gerrit W.K.L.T. Braamcamp	1
Gerrit Schuurman	1
Gerrit Schryver (Jr)	1
Gothofredus Thomasius	1
Govert van der Pot	1
H. Rood-schild	1
H. Brand	1
H. Pelkoor	1
H. Oortman	1
H. Meulman	1
H. Houtkamp	1
H. Homoet	1
H. Fogh	1
H. Beets	1
Gualterus Silvanus	1
H. Baek	1
H van Diemen	1
Gysbert de Brouwer	1
Gysbert Gillis	1
Guiliam F.K. Domis	1
Gualtherus Zoutmaat	1
F. de Mirell	1
D. Westerbaen	1
F. de Haes	1
Antoni van Lommen	1
Araneisque Apibius	1
Antony van (Jr) Rensselaar	1
Antony Klok	1
Antonius van Schayk	1
Antonius de Lanoy	1
Antonius Henrix	1
Antonius Christianus Meylink	1
Antonia der Kinderen	1
Antonia F.R. Bakx	1
Antoni van Heemskerck	1
Arnout de Bordes	1
Antoni Warin	1
Antoine Augustin Bruzen la Martiniere	1
Anthony van der Voort	1
Anthony Thierens	1
Anthony Spatsier	1
Anthony Outgers	1
Anthony Jacob Bierens	1
Anthony Hartsen	1
Anthony Bogaert	1
Arend Bruynvis	1
Arend van Huyssteen	1
Arend van Slichtenhorst	1
Arend van Staphorst	1
Arnoldus van der Maat	1
Arnoldus van Sengwerdt	1
Arnoldus van Os	1
Arnoldus van G.D. Sengwerdt	1
Arnoldus van Brienen	1
Arnoldus Noordbeek	1
Arnoldus Luder	1
Arnoldus Kumsius	1
Arnoldus Hinke	1
Arnoldus Bruyn	1
Arnoldus And. Pagius	1
Arnold Nachtegael de jonge	1
Arnold Nachetegael Klemens	1
Arnold Kulenkamp	1
Arnold Houbraken	1
Arnold Boonen	1
Arent Mooy	1
Arent Linthorst	1
Arent Laverman	1
Anthonia A.W.S. Berck	1
Anthoni Pieter Lambrechtsen	1
Anthoni Jansz Geniets	1
Anna Catharina Smith	1
Anna Catharina Beukelaar	1
Anna Camper	1
Anna Buck	1
Anna Blomkolk	1
Anna Berghuis	1
Anna Agneta Trioen	1
Andries van der Poest	1
Andries de jonge Oortman	1
Andries Stanhoffius	1
Andries Oortman de jonge	1
Andreas van de Wiele	1
Andreas van Duiveland	1
Andreas Posthumius	1
Andreas Andriessen	1
Alida de Raad	1
Alida Reessen	1
Alida Meyn Bolte	1
Alida Maria Issendorp	1
Alida Catharina Obrenan	1
Anna Catharina Hackmann geb. Hoffmann	1
Anna Elizabeth Lohoff	1
Anthon Ulrich van Pleuren	1
Anna Frederica Burghart de Lange	1
Annetje Groot	1
Annet van der Schuer	1
Anna van Oostrum	1
Anna de Man	1
Anna de Haas	1
Anna Zeeman	1
Anna Welzing	1
Anna Visscher	1
Anna Marinus	1
Anna Maria van der Pals geb. Lulofs	1
Anna Maria de Roy	1
Anna Maria de Jong	1
Anna Maria Paauw	1
Anna Maria Fröichen geb. Heerup	1
Anna Maria Beukelaar geb. Kerkhoven	1
Anna Insma	1
Anna Houttuyn	1
Anna Geertruy Woordenberg	1
Anna Geertruid van Wickede	1
Arnout Rentink	1
Artus de Haas	1
Aletta Suzanna de Bruyn	1
Benjamin P.V.D.K. Swerus	1
Bernardus Beeke	1
Bernard van Balen	1
Bernard te Linteloo	1
Bernard Vollenhove	1
Bernard Scholten	1
Benjamin van der Meer	1
Benjamin Vroom	1
Benjamin Swerus	1
Benjamin Soorbeek Vroom	1
Benjamin Mylius	1
Ary Molenaar	1
Benjamin Jeanz Bekius	1
Benjamin Du Try	1
Benjamin Bekius	1
Benigné	1
Benedictus van L.R. Ryneveld	1
Benedictus Marius	1
Beeke	1
Bastiaen Molewater	1
Bastiaan Ewaldus Reynvaan	1
Bernardus Evers Mourik	1
Bernardus Idema	1
Bernardus Nordingh Doitsma	1
Bernardus Petrus de Buck	1
C. Biben	1
C. Bateman	1
C. Assueri	1
C.	1
Bt. ten Oever	1
Bruno J.W.P. Tideman	1
Bruno G.M. Tideman	1
Brender à A.V.S.	1
Brandyn Ryser	1
Boudewijn Jacob Lohoff	1
Boudewijn Dobbelaer	1
Bonaventura Vulcanius	1
Bolten	1
Boislaus David Cassius	1
Bernhardus ab Eyll	1
Bernhardus Pagenstecher	1
Bernart Vollenhove	1
Bernardus van der Woude	1
Bernardus Sombergh	1
Bartholomeus van de Coppello	1
Bartholomeus Wybo	1
Bartholomeus Ruloffs	1
B. van Schermbeek	1
B. van Buren	1
B. Zytsema	1
B. Wens	1
B. Walevelt	1
B. Spanseerder	1
B. Poeraat	1
B. Le Bruyn	1
B. Gachet	1
B. Dinkelaag	1
B. Des Ruelles	1
B. Cornelisz Ploos van Amstel	1
B. Clamator	1
Aurelia Zwartte	1
Augustus van der Sloot	1
Augustinus Eckhardt	1
Aubin Cazalz	1
As Homoet (Jr)	1
As (Jr) Homoet	1
Ary Wys	1
B. van Elsland	1
B. van Vyve	1
Bartholomeus P.R. Bruynvis	1
B. van Waning	1
Bartholomeus Bruynvis	1
Bartholomeus Abba	1
Barnard Raems	1
Barent van Staphorst	1
Barent Schrunder	1
Barent (Jr) Klinkhamer	1
Barend Nieukerk	1
Balthazar Lobé	1
Balthazar Bekker	1
Baltes Boekholt	1
Balduinus van Offenberg	1
Balduinus Dobbelaer	1
B.V.A.	1
B.S.S.	1
B.S.	1
B.K.H. (Jr)	1
B.J. Knock	1
B.D.Q.C.	1
B.C.	1
Alida Anna Ens	1
Aletta Catharina Pielat	1
F. de Chalus	1
A.A.K.	1
A.J. Zutterman	1
A.J. Westerhoff	1
A.J. Lynslager	1
A.H.B.S.	1
A.H. van Riedt	1
A.G. Blasius	1
A.F. de Bruyn	1
A.D. Schouten	1
A.B.	1
A.A.C.	1
Abraham Engelbregt	1
A.A.	1
A.4.M.3	1
A. van der Styl	1
A. van der Meer	1
A. van der Lith	1
A. van der Kolk	1
A. van der Klaas	1
A. van den Berg	1
A. van Vollenhoven	1
A.J. de Burlett	1
A.M. Tersalus	1
A.N.	1
A.R.	1
Abraham Asschenbergh	1
Abraham Arntzen	1
Abraham Allard	1
Abraham Alewijn	1
Abrah. De Haan de Jonge	1
Abigail van Rhenen	1
Abigael Brouwer	1
Aarnout de Coup	1
Aarnoud de Bock	1
A.W.H.	1
A.W. Marcus	1
A.V.G.	1
A.V.D.	1
A.V.A.	1
A.V. Mast	1
A.T.	1
A.S.D.S.S.A.	1
A.S. Haak	1
A.R.Jz	1
A. van Sleyden	1
A. van Polanen	1
A. van Pesch	1
A. Keur	1
A. Hobrink	1
A. Henstenburg	1
A. Grosthuysen	1
A. Grendel	1
A. Fortgens	1
A. Elzevier	1
A. Elcoma	1
A. Der Kinderen	1
A. Dekker	1
A. Cramer	1
A. Clumper	1
A. Claver	1
A. Butler	1
A. Bruiningh	1
A. Boursse	1
A. Boom	1
A. Blok	1
A. Bliem	1
A. Adriaensz Blok	1
A. Izaaksz van den Bogaerd	1
A. Loosveld	1
A. van Noorwegen	1
A. Penning	1
A. van Noordwyk	1
A. van Leeuwen	1
A. van Gysen	1
A. van D.G. Puttelaar	1
A. van Assendelft	1
A. van A.	1
A. de Labat	1
A. de Haan	1
A. d. H.	1
A. Wildeman	1
A. Verbeek	1
A. Venator	1
A. Tros	1
A. Timmermans	1
A. Tegulaar	1
A. Schot	1
A. Ryken	1
A. Preyger	1
A. Pietersz Reuvens	1
Abraham Duysterloo	1
Abraham Issendorp	1
Alegunda Alberthoma geboren Ilberi	1
Adriaan Westerhuis	1
Adriana Catharina Staal	1
Adriana Beukelaar	1
Adriana Beeke geb. Visscher	1
Adriaen de Wacker	1
Adriaen Tak	1
Adriaann Jacobsz van Ommering	1
Adriaan van Houten	1
Adriaan de Sticke	1
Adriaan Wor	1
Adriaan Voorhout	1
Abraham Jellico	1
Adriaan Tak	1
Adriaan Steengracht	1
Adriaan Reland	1
Adriaan Oets	1
Adriaan Koning	1
Adriaan Jz Ruiter	1
Adriaan Geelmuyden	1
Adriaan Drabbe	1
Adriaan Bogaard	1
Adrianus Adelhoorn	1
Adrianus Hector Walter de Vriese	1
Adrianus Jacobus van der Valk	1
Adrianus Molengraaf	1
Albertus van Westerhof	1
Albertus van Dyk	1
Albertus de Marolles	1
Albertus Voget	1
Albertus Lyklama à Nijeholt	1
Albertus Frese	1
Albert Timmerman	1
Albert Hoffmann	1
Alardus Johannes de Weerdt	1
Aernoud Revius	1
Aernoud Noël	1
Aegidius Stokmans	1
Aegidius Petraeus	1
Aegidius Carpentier	1
Adrianus. van Bleiswyk	1
Adrianus van der Win	1
Adrianus van Teems	1
Adrianus van Bleiswyk	1
Adrianus Wilhelmus Koning	1
Adr Boucart	1
Adolff Scharff	1
Adolf L.C. Reets	1
Abraham Wynbeek	1
Abraham Westerhoff	1
Abraham Welzing	1
Abraham Verhoef	1
Abraham Veesaert	1
Abraham Tersier	1
Abraham Targier	1
Abraham Sylvius	1
Abraham Suderman	1
Abraham Sigebertsz Haverkamp	1
Abraham Sarvaas	1
Abraham Rutgers	1
Abraham Rokogh van de Erbervelt	1
Abraham Perrenot	1
Abraham Oosterland	1
Abraham Middelman	1
Abraham Marteilhe	1
Abraham Maas	1
Abraham Ledeboer	1
Abraham Kruiger	1
Abraham Willemsz ter Borch	1
Abraham de (1707-1748) Haen	1
Adam der Kinderen	1
Abraham de Groot	1
Adam de Smidt	1
Adam Meyer	1
Adam Laurens Callenfels	1
Adam Bardon	1
Abram van Batenburg	1
Abraham van der Putte	1
Abraham van der Meer	1
Abraham van den Bommenaar	1
Abraham van Pembroek	1
Abraham van Mildert	1
Abraham van Lankom	1
Abraham van Helsdingen	1
Abraham van Essen (Jr)	1
Abraham van Broyel	1
Abraham van Bleiswyk	1
Abraham ten Have	1
Abraham de West	1
Abraham de Veer	1
Abraham de Roo	1
C. Bols	1
C. Boon	1
C. Breydel	1
Daniel van Pembroek	1
David Kappeine	1
David Jacob van Eys	1
David Giffenig	1
David Eckhardt (Jr)	1
David Blanck	1
Daniël de Burlett de jonge	1
Daniël Beudeker	1
Daniël Adrianus Beukelaar	1
Daniel van der Leven	1
Daniel van (Jr) Beke	1
Dirk Jemans	1
Daniel de Vos	1
Daniel de Smit	1
Daniel de Breen	1
Daniel Trezel	1
Daniel Toulooper	1
Daniel Taayspel	1
Daniel Roger	1
Daniel Roeper Lublink	1
Daniel Mostart	1
David Lingelbach	1
David Pan	1
David Taillefert	1
David de Koning	1
Dirk Hogeboom	1
Dirk Georgesz Bruyn	1
Dirk Dirksz Makreel	1
Dirk Clumper	1
Dirk Bosboom	1
Dirk Besselink	1
Dirk Berk	1
Dirk Ariense van den Bosch	1
Dirk A.H.E.B. Hobma	1
Dionysius Andreas Röell	1
Dionys Hendrik van Schuylenburch	1
Dina Koolhaas	1
Diderik Ottoz. Schutte	1
Delpho-Batavus	1
Debora Benaarde	1
De Deksel	1
David van Royen (1699-1764)	1
David van Haemstede	1
David ten Hove	1
Daniel Hendrik Stephan	1
Daniel Frantz Thorbecke	1
Daniel Eversdyk	1
D. van Setten	1
D. van Pelt	1
D. van Nikkelen	1
D. van Deyl	1
D. van Beek	1
D. v. H.	1
D. v. B.	1
D. ten Kate	1
D. de Neufville	1
D. de Burlett	1
D. Weyssen	1
I. Pz. de Haan	1
D. Tolk	1
D. Sylvius	1
D. Spranger	1
D. Slob	1
D. Schot	1
D. Ryk	1
D. Ree	1
D. Plancius	1
D. van Rijk	1
D. van Soest	1
Daniel Doornik	1
D. van der Valk	1
Daniel Danielsz van Alphen	1
Daniel Colonius	1
Daniel Beukelaar	1
Daniel Besemer	1
Daniel Balthsz Nolthenius	1
Damon	1
D.v.H.	1
D.W. ten Hove	1
D.V.V.	1
D.R.	1
D.J.H.	1
D.G.V.A.	1
D.G.	1
D.E.	1
D.D.R.	1
D.D.I. Nachtegael T.N.	1
D.D.	1
D.C.	1
D.A.A.G.	1
Dirk Jansz Bremer	1
Dirk Jooste Buiteweg	1
C. Bruyn	1
Elisabeth Marinus	1
Emilia Gillis	1
Emanuel van der Hoeven	1
Elizabeth van Esterwegen	1
Elizabeth Provoost Kaals	1
Elizabeth Hoofman	1
Elizabeth Cobbe	1
Elisabeth van den Heuvel	1
Elisabeth van Leeuwaarden	1
Elisabeth Schutte	1
Elisabeth Koolaart geboren Hoofman	1
Dirk L.M.Q.P.P.O. Toll	1
Elisabeth Koekebakker	1
Elisabeth Hoofman (wed. Koolaert)	1
Elisabet Maria ten Hove	1
Elisabet Groenewoud	1
Elisabet Claus	1
Elie A.W. Des Pommare	1
Elias van Ysendyk	1
Elias Webber	1
Elias Teyler de Vlieger	1
Engelbert Kelderman Kelderman	1
Enoch Linklaan Krook	1
Ernst Nyhof	1
Everardina Jakoba de With	1
F. Willink	1
F. Wapenkamp geb. Velthoven	1
F. Voort	1
F. Swaen	1
F. Kutsch	1
F. Jansz Andries	1
F. Der Kinderen de jonge	1
F. Der Kinderen	1
F. Bormeester	1
F. Beck	1
F. Andries Jans-soon	1
Evert Jan Vierevant	1
Everhardus van der Hooght	1
Everhard Storm	1
Everhard Sigebertsz Haverkamp	1
Everhard François Schimmelpenning	1
Everardus van der Hooght	1
Everardus Joannes Ammon	1
Everardus Dudok	1
Elias Hooghuysen	1
Elias Guillot	1
Elias Dreyssigmarck Weyland	1
E. I.D.W. Dankertz	1
E. Ehinger	1
E. Egbertsz Marinus	1
E. Balck	1
Du R.D.B.	1
Dominicus Schellinger	1
Dominicus Hamerster	1
Dominicus Geniets	1
Dominicus Baudius	1
Dirk van der Sluys	1
Dirk van den Bergh	1
Dirk van Leyden van Leeuwen	1
Dirk onder de Linden	1
Dirk Wilt	1
Dirk Wibbert	1
Dirk Tickel	1
Dirk Spranger	1
Dirk Schelte	1
Dirk Sautyn	1
Dirk Louweris van den Bosch	1
E. H.S. Crombosch	1
E. L.O. Beudeker	1
Elbertus Verlee	1
E. Marinus	1
Elbertus Ledeboer Waller	1
Elbert Dircksoon	1
Egbert de Vry Temminck	1
Egbert Kleyn	1
Eduard Croese	1
Eberhard Heineken	1
E.V.	1
E.S.	1
E.M.D.B.	1
E.F. Pelgrom	1
E.E.N.C.	1
E.D.B.Ez	1
E.D.	1
E. van der Burg	1
E. van den Bergh	1
E. van Wesel	1
E. der Kinderen	1
E. de Burlett jr	1
E. Rigagneau	1
D. Oortman	1
D. Muilman	1
D. Kleene	1
C.V.V.S.	1
Catharina Jacoba Middelman	1
Catharina Cobbe	1
Casparus Raket	1
Caspar Reek	1
Carolus Conradus Reitz	1
Carel van Henghel	1
Carel Roos	1
Carel Brinkman	1
C.Wz. van Pelt	1
C.V.T.	1
D. Jansz de Graaff	1
C.V.H.G.	1
C.V.G.Z.	1
C.V.A.	1
C.V.	1
C.R. Soorbeek	1
C.P. Bols	1
C.P.	1
C.N. van Valencyn	1
C.L. van Royen	1
Catharina Lamsvelt	1
Catharina Margareta Meylink	1
Catharina Visscher	1
Catharina van Limburg	1
Claes A. Seep	1
Claas Wolf van der Maas	1
Claas Mooy	1
Claas Kruydenier	1
Christoffel Kristiaan Brandis	1
Christina Beukelaar	1
Christianus Swaving	1
Christiaen de Groot	1
Christiaan van der Doos	1
Christiaan van Noorlé	1
Christiaan Wijers	1
Christiaan Tirion	1
Christiaan Murk	1
Christiaan (Jr) Klaarbout	1
Chr Simonides	1
Charles van Wijckhuys	1
Chappuzeau	1
Cecilia Beeke	1
Catharina van der Meersch	1
C.L. Smit	1
C.K.	1
C.Jz de With	1
C. Wärner	1
C. Vollenhove	1
C. Vederman	1
C. Tim	1
C. Steurkamp	1
C. Smit	1
C. Rygerbos	1
C. Pranger	1
C. Lugt	1
C. Lohoff	1
C. Kemper	1
C. Jansz van Noorlé	1
C. J.S. Schröder	1
C. Hunthum	1
C. Hottentot	1
C. Hoogendorp	1
C. Gregory	1
C. Gewin	1
C. Christoffers	1
C. Carli	1
C. Weyer	1
C. de Bruyn	1
C.J. Gilles	1
C. de Greeff	1
C.I.	1
C.H.V.	1
C.H. de Witt	1
C.D.M.	1
C.C. Maillart	1
C.C.	1
C.A. van den Bosch	1
C.A. Keyser	1
C. van der Put	1
C. van den Bogaard	1
C. van Swieten	1
C. van Sonderen	1
C. van Reyneveld	1
C. van Geel	1
C. van Dyk	1
C. van Ditsom	1
C. van Davervelt	1
C. van Baerle	1
C. de Haan	1
Claes Seep	1
Claes van Toll	1
Claes. van Toll	1
Cornelis van der Doos	1
Cornelis van den Bosch	1
Cornelis van Steenhoolen	1
Cornelis van Someren	1
Cornelis van Rhenen	1
Cornelis van Overstege	1
Cornelis van Hoogenhuysen	1
Cornelis van Driel	1
Cornelis van Alkemade	1
Cornelis vab Ophoven	1
Cornelis de Vrolik	1
Cornelis de Ruit	1
Cornelis de Man	1
Cornelis de Jong	1
Cornelis Westerhout	1
Cornelis Vestenburgh	1
Cornelis V.C. Floor	1
Cornelis Styger	1
Cornelis Pyper	1
Cornelis Nieuwaart	1
Cornelis van den Kommer	1
Cornelis van der Poest	1
Cornelis Martini	1
Cornelis van der Pot (1707-1728)	1
D. I.I. Raket	1
D. Hesseling	1
D. Dubourg	1
D. Coster	1
D. Cos	1
D. Bronsveldt	1
D. Boots	1
D. Boekholtz	1
D. Beukelaar	1
Cunera van Zee	1
Cornelius s-Gravesande	1
Cornelius de Krankel	1
Cornelius de Feyfer	1
Cornelius Hugo Vonk	1
Cornelis van der Zee	1
Cornelis van der Vliet	1
Cornelis van der Strengh	1
Cornelis van der Steen	1
Cornelis van der Schep	1
Cornelis Meerhout	1
Cornelis Marchant	1
Clara Catharina Steenberg	1
Cornelis (Jr) Camphuisen	1
Cornelia van Dyk	1
Cornelia van Brakel	1
Cornelia Verlaan	1
Cornelia Overbeek	1
Cornelia Margaretha van Overvelt	1
Cornelia Jacoba Katharina vander Duyn	1
Cornelia Jacoba Katharina van der Duyn	1
Cornelia Elizabeth Mill	1
Cornelia Beels	1
Constantijn Huygens	1
Constantia van der Kloot	1
Conrad Romeling	1
Coenraed Keun	1
Coenraad van Hillegom	1
Coenraad van Diepenbroek	1
Coenraad Smitt	1
Coenraad Nieuwhoff	1
Coen Elias	1
Clara de Bruyn	1
Cornelia van der Wall	1
Cornelis A.J.V. Issendorp	1
Cornelis Lever	1
Cornelis Adriaensz. Boomgaert	1
Cornelis Lenaerts	1
Cornelis L.P. Lelivelt	1
Cornelis Jansz van Driel	1
Cornelis Jacob Ploos van Amstel	1
Cornelis Issendorp	1
Cornelis Isaaksz van den Bogaerd	1
Cornelis Hoyer	1
Cornelis Hendrik Du Rieu	1
Cornelis Goetzee	1
Cornelis Duyvensz	1
Cornelis Determeyer Issendorp	1
Cornelis Centse	1
Cornelis Bruyn	1
Cornelis Bouman	1
Cornelis Arnoldus van Sprang	1
Cornelis Anthony Vos	1
Cornelis Anthonius van Wachendorff	1
Cornelis Anthonius Wachendorff	1
Cornelis Angel	1
I. Pollius	1
J.R.	1
I. Raket	1
Nicolaes Davidsz Fremyn	1
Nikolaes Teyssen	1
Nikolaes Bylaert	1
Niklaas Dor	1
Nicolaus de la Bassecour	1
Nicolaus d' Assonville	1
Nicolaus Plemper	1
Nicolaus Heinsius	1
Nicolaus Barkey	1
Nicolaes le Seur	1
Nicolaas van der Dussen (1718-1770)	1
O.B. de Wilde	1
Nicolaas van den Burg	1
Nicolaas van Wingen	1
Nicolaas van Staphorst	1
Nicolaas van Pembroek	1
Nicolaas van Echteren	1
Nicolaas de Veer	1
Nicolaas de Swaan	1
Nicolaas de Mortier	1
Nicolaas de Leus	1
O. Callenfels	1
Okkerus Pesser	1
Nicolaas Weenix	1
P. Dausy	1
P. Hollebeek	1
P. Hoffham	1
P. Hoebe	1
P. Hes	1
P. Herbers	1
P. Haring	1
P. Gezelle	1
P. Gallé	1
P. Fontein	1
P. Boon	1
Ole Kierulf	1
P. Blöte	1
P. Auxberbis	1
Otto van Munster	1
Otto van Belkamp	1
Otto Buck	1
Otho de Vooght	1
Otho Hendricks	1
Ot Barentsz	1
Oloff I.W. Jolles	1
Nicolaas de Gruson	1
Nicolaas Vryburgh	1
P. Joghemsz	1
N. Voocht	1
N.D. Beths	1
N. van der Graaf	1
N. van M.D.H. Schooten	1
N. van Helderenberg	1
N. van Duyst	1
N. van Bronchorst	1
N. uyt den Bongaards	1
N. Wollewijns	1
N. Vrijburg	1
N. Obrenan	1
N.J.	1
N. Hercules	1
N. Dyl	1
N. Cleevering van Vyve	1
N. Brouwer	1
N. Boonen Chevaêl	1
N. Bak	1
Moses Noël	1
Michiel Martyn	1
Michiel Komans	1
N.G. van Overvelt	1
N.K. E.A.	1
Nicolaas Verheyde	1
Nicolaas Bruykverstand	1
Nicolaas Veeckens	1
Nicolaas R.E.L. Wilt	1
Nicolaas Paradys	1
Nicolaas N.B. Borremans	1
Nicolaas Lublink	1
Nicolaas H.S.J. Storm	1
Nicolaas George Oosterdyk	1
Nicolaas Davidsz Vermey	1
Nicolaas Byl	1
Nicolaas Bastert	1
N.M.	1
Nicolaas Anthony van Hoorn	1
Nicolaas Aldenhoven	1
Neuber geb. Heinius	1
Nathanaël Cost	1
N.z.	1
N.V.S.	1
N.V.O.	1
N.V.L.	1
N.V.K.	1
P. Hoyer van Brakel	1
P. Kervel	1
Petrus Spoors	1
Paulus Hendricus Eksteen	1
Petersen	1
Peter van Gunst	1
Paulus Wz van Lelyveld	1
Paulus Theroude	1
Paulus Rombertus Nauta	1
Paulus Reinier W. (van Vinceler) van Lamzweerde	1
Paulus Justus Weslingh	1
Paulus Justus Determeyer Weslingh	1
Paulus Jolles	1
Paulus Bosveld	1
Petronella Catharina van Steenbergen	1
Paulus Berkhout	1
Paulus (Jr) Wenkink	1
Paschyna van Mazeyk	1
P.Y. van der Hof	1
P.V.M.	1
P.V.H. D.v.B.	1
P.V.G.	1
P.V.D.S.	1
P.V.D.	1
Petronella Beeke	1
Petrus Adriaansz Loosjes	1
P.V. Roemer	1
Petrus Idema	1
Petrus Severinus van Blanckaert	1
Petrus Scriverius	1
Petrus Schregardus	1
Petrus Schenk	1
Petrus Rabus	1
Petrus Martens	1
Petrus Lollema	1
Petrus Laan	1
Petrus Iz Mortier	1
Petrus Hubert	1
Petrus Andriessen de Dathenus	1
Petrus Hondius	1
Petrus Hollebeek	1
Petrus Hofstede	1
Petrus Hennebo	1
Petrus Georgius van Poolsum	1
Petrus Castelein	1
Petrus Brouwer	1
Petrus Broes	1
Petrus Bertius	1
P.V.Az	1
P.S. Kagman	1
P. Lambrechtsen	1
P. Vog'lesang	1
P. v.d. W.	1
P. v.d. S.	1
P. de Villers	1
P. de Vaynes van Brakel	1
P. de Kok	1
P. Weytens	1
P. Wesel	1
P. Werkmeester	1
P. Walland	1
P. Vervell	1
P. van Dalen	1
P. V. H.	1
P. Swart	1
P. Struyk	1
P. Smidt	1
P. Schryver	1
P. Schellingwou	1
P. Reiersz	1
P. Raap	1
P. Mosis	1
P. van Bruggen	1
P. van Hees	1
P.R.D.	1
P.G. J.A.M. N.A.	1
P.R. de Marre	1
P.M. Surirey	1
P.M. D.S.	1
P.M.	1
P.L. Pielat	1
P.L.	1
P.K.	1
P.H.B.H.	1
P.H.	1
P.C. W.T. Coesvelt	1
P. van Hoorn	1
P.C. Krab	1
P.A.	1
P. van s-Gravenpolder	1
P. van der Meersch	1
P. van den Bosch	1
P. van Uchelen	1
P. van Toledo	1
P. van Pelt	1
P. van Maersche	1
Michiel Koek	1
Michiel Elias	1
Michiel Beckeringh	1
Levina Johanna Styger	1
Lowys van Essen	1
Louis Vermey	1
Louis Philippe Serrurier	1
Louis Gravia	1
Lodewyk S.N. Marcellus	1
Lodewyk Nachtegael Bruyning	1
Lodewijk de Neufville	1
Lieve Sieverdsz de Bruin	1
Levinius Vincent	1
Leonnora C.M.	1
Lucas F.R. Rotgans	1
Leonard Weyer	1
Leonard Overvest	1
Leendert Pot	1
Leendert Kidon	1
Laurentius A.H. Blankenburg	1
Laurens van der Vinne	1
Laurens Valk	1
Laurens Reael	1
Laurens Hellingh	1
Ls.Ms Houtkamp	1
Lucas Holstein	1
Laurens Bosch	1
M. Diephout	1
M. Kotman	1
M. Johannes Foeklerus	1
M. J.D.V.I. Petersen	1
M. J.B.J. Henry	1
M. Hoefysers	1
M. Heyns	1
M. Hessing	1
M. H.D.G.M. Petersen	1
M. Dinkelaag	1
M. D.G. Ordykus	1
Lucas Kloppenburg	1
M. Cockey	1
M. Broers	1
M. Adriaensz Gevelman	1
Lukas Rotgans	1
Ludowina Konst	1
Ludolf Simon de With	1
Lucius Annaeus Seneca	1
Lucas Meysterus	1
Lucas Konynenberg	1
Laurens H.I. Valk	1
Laurens Arminius	1
Michael Fortgens	1
Kornelis Brooshooft	1
L. Paeuw	1
L. Paauw	1
L. Hobrink	1
L. Helper	1
L. Bekker	1
Kornelis van den Helm Boddaert	1
Kornelis van Koeverde	1
Kornelis van Bosvelt	1
Kornelis Trioen	1
Kornelis Borsboom	1
L. Victor	1
Kornelis Bardewits	1
Kornelia Luchtmans	1
Kataryna Johanna de With	1
Karel Verlove	1
Karel Verloove	1
Karel Johan van der Heiden de Gouda	1
Karel Beels	1
K.T. M.T. Hoogeveen	1
K.D.W.	1
L. Sylvius	1
L. v. Broek	1
Lammert Bakker	1
L.V.S.	1
Lambertus van de Velde	1
Lambertus van Oosterwyk	1
Lambertus ter Sweegen	1
Lambertus M.D. Evenhuis	1
Lambertus Feyten	1
Lambertus Bicker	1
Lambert van Neck	1
Lambert Johannes van Laar	1
Lambert Hermansz ten Kate	1
L.V.M.	1
L. van Loo	1
L.V.J.J.	1
L.P. van Eyk	1
L.P.	1
L.M.Q.P.	1
L.J. van Rouveroy	1
L.J. de Ram	1
L.C. J.J.O.	1
L.B.	1
L. van Olst	1
M. Langeveld	1
M. Oosterland	1
M. Oosterland Jr	1
Maria Graauwhart	1
Marten Gerritsz Konynenberg	1
Marten Adriaan Beels	1
Marinus I.T.L.G. Smytegelt	1
Maria van Varelen	1
Maria de Burlett	1
Maria Versteegh	1
Maria Posthumus	1
Maria Maree	1
Maria Hartman	1
Maria Fokke	1
Martin Du Pré	1
Maria Elisabetha Remy geb. Hoffmann	1
Maria Elisabeth Boogerdt	1
Maria Cornelia van den Idsert	1
Maria Catharina ten Oever	1
Maria Buck	1
Maria Broes	1
Maria Boelema	1
Maria Arnolda Staal	1
Maria Agnes van Wickede	1
Marten J.R. Smets	1
Martinus Albertsz van Nievelt	1
M. Roose	1
Matthias Nethenus	1
Melchizedek (ca 1700) Olingius	1
Melchior Rollerus	1
Melchior Justus van Effen	1
Meinard Steffens	1
Maximiliaan Broes	1
Mauritius Willem Le Leu de Wilhem	1
Matthys Vink	1
Matthijs Herfst	1
Matthias Temminck	1
Mattheus de Kemp	1
Martinus Crellius	1
Mattheus Swaving	1
Mattheus Molenaar	1
Mattheus Christiaansz Heggers	1
Mattheus Abrugge	1
Matthaeus Hek	1
Matthaeus Adriaensz Burgius	1
Mathys Verdonk	1
Martinus van Sevenhoven	1
Martinus van Harlingen	1
Maria Agnes Meylink	1
Margaretha Jacoba Lohoff	1
Margaretha Buck	1
M. van Westreenen	1
M.H.L.	1
M.E. Waterham	1
M.D. van Driest	1
M.D. R.D.N. J.D.W.	1
M.D. Kamp	1
M.D.	1
M.C. G.F. Huytingh	1
M. van den Bergh	1
M. van Zuylen	1
M. van Os	1
Margareta der Kinderen	1
M. van Camp	1
M. onder de Linden	1
M. de Vos	1
M. de Leeuw	1
M. de Jong	1
M. de Burlett	1
M. Trigland	1
M. Swigtenheuvel	1
M. Seroyen	1
M.J. J.L. Pars	1
M.L.V.	1
M.Pz van den Vondel	1
M.S.	1
Margareta Smitz	1
Margareta Petronella Keppel	1
Margareta Maria Beels	1
Margareta Johanna Trouillart	1
Margareta Johanna Issendorp	1
Marcus van Arp	1
Marcus Zuerius Boxhorn	1
Marcus Tim	1
Malachias de La Vigne	1
Mahu Le Febvre	1
Magnus Dykman	1
Magdalena de Man	1
Magdalena Pollius	1
Magdalena Lulofs geb. Claus	1
Magdalena Hofkens	1
Magdalena Fruens Reen	1
Magdalena Cornelia Buck	1
M.V.L.	1
M.V.D.	1
Petrus Smient	1
Petrus Vromans	1
I. Sleght	1
Thomas van Limburg	1
V.H. Steurkamp	1
V.G.	1
Troade	1
Toussaint A.M.D.R.	1
Tobias Pama	1
Tobias Gutberleth	1
Tobias Boel	1
Tjaert Sonnema	1
Thomas van Son	1
Thomas Walton	1
Valerius Doitsma	1
Thomas Munckerus	1
Thomas Mess	1
Thomas Jacobsz Sergeant	1
Theophilus Hogersius	1
Theodorus van der Vis	1
Theodorus van der Stam	1
Theodorus de Hartogh	1
Theodorus Vryburgh van de Saskerus	1
Theodorus Saskerus	1
V.H. Stulen	1
Vincent P.H. Brouwer	1
Theodorus Mentes	1
W. Koolenkamp	1
W. van Lingen	1
W. van Diepenheim	1
W. de Cliever	1
W. Winters	1
W. W.E. Eck	1
W. Vligerius	1
W. Somer	1
W. Sknilletjes	1
W. Marcus	1
W. Duisenberg	1
Vincent van Eyck	1
W. Duim	1
W. Bus	1
W. Buissand de Jonge	1
W. Arnoldsz Koolhaas	1
W. Amys	1
W.	1
Vroutje Pieters	1
Volkert Sondervan	1
Volckerus van Oosterwijck	1
Theodorus Pyl	1
Theodorus Dominicus	1
W.A. Lette	1
Stephanus Varga	1
Susanna van Thiel	1
Susanna Veeckens	1
Susanna Ruysch	1
Susanna Rieu	1
Susanna Geertruy Linthorst	1
Susanna Christina Klaarbout	1
Susanna Borstius geb. Van Thiel	1
Susanna Abels	1
Steven de (Antoonz) Groot	1
Stephanus Theroude	1
Swerus Robyn	1
Stephanus Spiering	1
Stephanus Opterbeek	1
Splinterus Françiscus Camerbeek	1
Simon de Ridder	1
Simon d'Amour	1
Simon Stinstra	1
Simon Petrus Trouillart	1
Simon P. & R. Schynvoet	1
Simon Linthorst	1
Suzanna Le Grand	1
Sybrand Isaacsz Feitama	1
Theodorus Christianus van Nes	1
T.O.	1
Theodorus Brandolphus	1
Theodorus Beels	1
Theodore de Bruyn	1
Thaddaeus Hardeboll'	1
Terwen	1
T.V.V.	1
T.V.D.V.	1
T.V. Waes	1
T.V.	1
T.K. Haaxma	1
Sywen Althuysen	1
T.J. Ewald	1
T.Is Hooghgenoch	1
T.H.	1
T.D.	1
T. van Langeren	1
T. Wavelhoorn	1
T. Sluyter	1
T. Selgersma	1
T. Hanius	1
W. van Streefland	1
W.D. Meyer	1
Petrus Wilhelmus Vromans	1
Willem van Goch	1
Wynandus van Driest	1
Wouter Buck	1
Wolraad-Philip de La Cave	1
Wolferdina Elisabeth Ojers	1
Willem van der Varlet Keere	1
Willem van der Looy	1
Willem van der Keere	1
Willem van Schalkwyk a Velden	1
Willem van Kleef	1
Willem van Boneval	1
Wyva Agneta Driessen	1
Willem onder de Linden	1
Willem de Vrij	1
Willem de (Antoonz) Groot	1
Willem Wyngaards	1
Willem Witgraft	1
Willem Verbeek	1
Willem Tieland	1
Willem Sulyard van Leeffdaell	1
Willem Sluyter	1
Wynant Linklaan	1
XCEBKCOUIAIRS	1
Willem Rykel	1
Zeeger de Kaarsgieter	1
van Hoven	1
van Hasselt	1
van Beek	1
vallo proxima Vallis	1
v.D.	1
de Lange	1
de J.E.L.	1
de Burlett	1
de Boer	1
Zacharias van den Bossche	1
Y.B.A.	1
Z.V.D.	1
Z.G.	1
Z. Vincent	1
Z. Moelé	1
Z. Hosee	1
Ysbrand Watervliet	1
Ysbrand Vincent	1
Ysbrand K.D.W. Vollenhoven	1
Yda van Pembroek	1
Willem Schuit	1
Willem Paling	1
W.D.B.	1
Wilhelm Jacob Allardt	1
Wilhem Hoogenburgh	1
Wilhelmus van den Broek	1
Wilhelmus Walckier	1
Wilhelmus Nicasius Kien	1
Wilhelmus Kantelaar	1
Wilhelmus Gerardus Motman	1
Wilhelmus Doenen	1
Wilhelmus Bernardusz Wyngaerden	1
Wilhelmina Styger	1
Wiggert A.H. Wargaren	1
Willem A.P. Bysterus	1
Wessel de Bruin	1
Wessel Kluppel	1
W.V.	1
W.S.V.W.	1
W.M.	1
W.L. van Coppenol	1
W.K.	1
W.H. Dregman	1
W.F.H. v. A.	1
Willem (Jr) Koek	1
Willem A.V. Barents	1
Willem P.S. Duim	1
Willem Harbers	1
Willem Koek	1
Willem Kelderman	1
Willem Johannesz Schorer	1
Willem Jansz van Yselveer	1
Willem Ignatius Weenix	1
Willem Hiddinck	1
Willem Hessen	1
Willem Hendrik Wetstein	1
Willem Hendrik Nolthenius	1
Willem Griffioen	1
Willem Anthonie de Roy	1
Willem Frederik ter Horst	1
Willem Everts	1
Willem Duircant	1
Willem Butler	1
Willem Buissant	1
Willem Boot	1
Willem Boeken	1
Willem Bardewits	1
Willem B.J.B. Hessen	1
Simon Henric Cruger	1
Simon Haichele	1
Simon Bake	1
Pieter Post	1
Pieter Sebrechts	1
Pieter Scholten	1
Pieter Schipper	1
Pieter Scheltes	1
Pieter Roemer	1
Pieter Remmers	1
Pieter Raket	1
Pieter Prent	1
Pieter Posthumus	1
Pieter Ploos van Amstel	1
Pieter Verhoeve	1
Pieter Plemper	1
Pieter Nuyts	1
Pieter Nessing	1
Pieter Martyn	1
Pieter Luchtmans	1
Pieter Linthorst	1
Pieter Leuter	1
Pieter Le Clercq	1
Pieter Kuypers	1
Pieter Timmerman	1
Pieter Walthuysen	1
Pieter Kerkhoven	1
Pieter van Rossem	1
Pr.Ae	1
Pr Amour	1
Pietronella Maria de Wys	1
Pieternel	1
Pieter van der Meulen	1
Pieter van den II Berge	1
Pieter van den Bosch de jonge	1
Pieter van de Coppello	1
Pieter van Vliet	1
Pieter van Meurs	1
Pieter Willense	1
Pieter van Flury	1
Pieter van Bracht	1
Pieter van (Jr) Lelyveld	1
Pieter de Wolf	1
Pieter de Wit	1
Pieter de Vooght	1
Pieter de Veer	1
Pieter de La Rue	1
Pieter Wythoff Bakker	1
Pieter Klinkert	1
Pieter Kappeyne	1
Sigebertus Lakeman	1
Philippe Serrurier	1
Pieter Aequicola Clant	1
Pieter (jr) Martens	1
Pieter (Jr) Brouwer	1
Pierre de Campdomerc	1
Pierre Barthe	1
Pierre A.W. Marin	1
Pibo Smit	1
Philips van der Nolk	1
Philippus van Zyll	1
Philip Meinertzhagen	1
Pieter Arntzen	1
Philip Anthony Jacobsen	1
Philadelphus	1
Ph.B. C.V.H.	1
Ph. van Zijll	1
Ph Swaan	1
Petrus van der Burgh	1
Petrus van Ysselstein	1
Petrus van Gelre	1
Petrus van Balen	1
Pieter Anthony Wakkerdak	1
Pieter Balde	1
Pieter Jansz de Ridder	1
Pieter Doenen	1
Pieter Jager (Jr)	1
Pieter Huysvoorn	1
Pieter Hoexma	1
Pieter Hinke	1
Pieter Hendrik Charlois	1
Pieter Heinius	1
Pieter Gouverno	1
Pieter Geelkerke	1
Pieter Dryfhout	1
Pieter Dionysz Oortman	1
Pieter Bernagie	1
Pieter Costerus	1
Pieter Corstiaansz Buys	1
Pieter Coeymans	1
Pieter Clockener	1
Pieter Burghards	1
Pieter Bruynvis	1
Pieter Bruykverstand	1
Pieter Broes	1
Pieter Bol	1
Quint Pabus	1
Quiryn Bosch	1
R. Benten	1
S.C. Vitringa	1
Samuel Apostool	1
Salomon Schouten	1
Salomo van der Ster	1
Saartje van der Meer	1
S.V.D.I.C.	1
S.S.M.C. D.R.	1
S.S.H.	1
S.H. Kruger	1
S.E.C.U.N.D.U.S.	1
S.A.J.B. N.R.S.A.	1
Samuel Everwyn	1
S.A.	1
S. van de Velde	1
S. van Elsland	1
S. van Bavel	1
S. v. Heiden	1
S. de Licht	1
S. de Haan	1
S. Roos	1
S. Onstenk	1
Samuel Cornelisz Morjou	1
Samuel Fay	1
R. Eybergen	1
Sara Wilhelmina Martens	1
Sigebertus Haverkamp	1
Sieuwert Ysbrandsz Centen	1
Sibrecht G.R. Buys	1
Sergius Bicker Swellengrebel	1
Sebastiaan Vin	1
Sebastiaan Schram	1
Schelte Albertse Cock	1
Sara van der Mijn geb. van Renard	1
Sara van Buren	1
Sara Maria Okhuysen	1
Samuel H.T. Houwens	1
Sara Lomannus	1
Sara Copyn	1
Samuel van der Heiden	1
Samuel van Schalkwijk a Velden	1
Samuel van Breda	1
Samuel Wiselius	1
Samuel Sylvius	1
Samuel Rudolphus van Nispen	1
Samuel II Luchtmans	1
S. Gesner	1
S. Claus van Laar	1
S. B.M.M.R.H.S.D.H.L.	1
R.W.	1
Reinier van Oosterhout	1
Reinier Oortman	1
Reinier Neuhusius	1
Reinier Frederik van Staveren	1
Reiner Dirksz Fontein	1
Regnerus van Overschuur	1
Regnerus van Dyk	1
Regina Martens	1
Rasmus Winthuysen	1
R.J.A. H.V.E.P.R.	1
Rykje Bubbezon	1
R. van der Linde	1
R. van Wiert	1
R. van Poele	1
R. van Gelder	1
R. Wouters	1
R. W.S. Cramer	1
R. Roukema	1
R. Mens	1
R. Govaert	1
Reinoud Cramer	1
Remees Floris Elin	1
Rexivit van Naerssen	1
Reynier Pieter Blok	1
Rykard Rampen	1
Ryk Ryke	1
Rutgert Elsma	1
Rutger Ouwens	1
Rudolph Schouten	1
Roeloff Woudman	1
Roelof Veening	1
Roelof Roukema	1
Roelof Arends	1
Roeland van F.R. Leuve	1
Roeland Cornelis van Overvelt	1
Robertus Keuchenius	1
Robertus Alberthoma	1
Robert Drayer	1
Robbert Makreel	1
Richard Muilman	1
Richard Jean de Nerée	1
Reynier van Houtum	1
Reynier de Vries	1
K. van der Burgh	1
K. van de Put	1
K. van Waarder	1
J.W. Boomhouer	1
Jacob (Petrus Matheusz) Gargon	1
Jac. Henr. Dreux	1
Jac F.D.B. B.	1
JCs	1
J.v.V.	1
J.v.D.	1
J.W.V.T.	1
J.W.F.	1
J.W. van Arp	1
J.W.	1
Jacob Bolt	1
J.V.S.	1
J.V.P.	1
J.V.L.	1
J.V.D.P.	1
J.V.D.H.	1
J.V.C.	1
J.U.S.	1
J.T.L.	1
J.S.Mz	1
Jacob Balk	1
Jacob Campen	1
J.S.D.	1
Jacob Guillot (Jr)	1
Jacob Josias Vrijburgh	1
Jacob Joan Fockinck	1
Jacob Jansz Paets	1
Jacob Jansz Crabbe	1
Jacob Jacobsz van Neelen	1
Jacob Jacobsz Ploos van Amstel	1
Jacob Hoofman	1
Jacob Harttung	1
Jacob Hagen (Jr)	1
Jacob Gefken	1
Jacob Clyburg	1
Jacob Gargon	1
Jacob Frederik Lantsheer	1
Jacob Fortgens	1
Jacob Fabrice Burman	1
Jacob D.H.V.D.B. Doncan	1
Jacob Cretier	1
Jacob Crabbe	1
Jacob Coenraadsz Christoffers	1
Jacob Cobbe	1
J.S.M.	1
J.S. Rosthuysen	1
Jacob Leendertsz	1
J.F. Sibmacher	1
J.H.G. B.M.	1
J.H. Konstman	1
J.H. J.T. J.W.	1
J.H. J.D.M. Clermont	1
J.H. J.C.	1
J.G. Stierlin	1
J.G. Cock	1
J.F.L.	1
J.F. Wever	1
J.F. Kehler	1
J.I.R.	1
J.E.W.	1
J.E.J.	1
J.E. van der Valk	1
J.E. van Riedt	1
J.E. van Geleyn	1
J.E. de Petersen	1
J.E. Laasbye	1
J.D.W.	1
J.D.C.F.	1
J.H.L.	1
J.J. Coppenol Efflant	1
J.S. Esser	1
J.N. van der Steen	1
J.S. Donker	1
J.S.	1
J.R. van Geel	1
van Werkhoven	1
J.P. Starke	1
J.P. H.L. Heimbach	1
J.O.D. G.A.	1
J.O. van den Bergh	1
J.O.	1
J.N. Turcq	1
J.J. Kingma	1
J.M. Wolffganck	1
J.Jz Marcus	1
J.J.F.	1
J.J.B.	1
J.J. de Campdomerc	1
J.J. Wulfing	1
J.J. Varlet	1
J.J. Schele	1
J.J. Oymans	1
Jacob L.T.D.P. Leeser	1
Jacob Leeser	1
K. Vermeulen	1
Jacobus Philippus d'Orville	1
Jacobus de George Swaan	1
Jacobus Wilhelmus Behaghel	1
Jacobus Wetstein	1
Jacobus Verbergh	1
Jacobus Velten	1
Jacobus Tiboul	1
Jacobus Smit	1
Jacobus Schynvoet	1
Jacobus Pyne	1
Jacobus Philippus d' Orville	1
Jacobus de Laater	1
Jacobus Oosterdyk	1
Jacobus Nicolaes Turcq	1
Jacobus Loveringh	1
Jacobus Lohoff	1
Jacobus Linthorst	1
Jacobus Lettingius	1
Jacobus Kortebrant	1
Jacobus Jansz Bosman	1
Jacobus Jacobsz van Ommering	1
Jacobus de I. Visscher	1
Jacobus de Vryer	1
Jacobus Issendorp	1
Jacobus van der Valk	1
Jan (Jr) Marchand	1
Jan (Jr) Erkelens	1
Jakobus Waal	1
Jakobus V.G. Dykhof	1
Jakobus Andriessen	1
Jakob van der Linden	1
Jakob van Wyk	1
Jakob Huisduinen	1
Jacques Crenier	1
Jacobus van der Streng	1
Jacobus van Arrewyne	1
Jacobus van der Stoot	1
Jacobus van der Leven	1
Jacobus van der Brugge	1
Jacobus van den Noort	1
Jacobus van de Vivere	1
Jacobus van de Coppello	1
Jacobus van Schalkwyk à Velden	1
Jacobus van Santen	1
Jacobus van Lanckom	1
Jacobus Jacobi Meinertzhagen	1
Jacobus Hypositometra	1
Jacob Makreel	1
Jacob Roemer	1
Jacob der Kinderen	1
Jacob Willemsen Meeusen	1
Jacob Wilhelm Lustig	1
Jacob Waller	1
Jacob Verpoorten	1
Jacob Veeckens	1
Jacob Steendam	1
Jacob Simon Guldensteeden	1
Jacob Schuer	1
Jacob Rigagneau	1
Jacob van Balen	1
Jacob Raye	1
Jacob Pompe van Meerdervoort	1
Jacob Pieter Sluyter	1
Jacob Petrus Matheusz Gargon	1
Jacob Paauw	1
Jacob P.B.B. Freni	1
Jacob Obbens	1
Jacob Neelen Jbsz.	1
Jacob Nebbens	1
Jacob ter Beek	1
Jacob van Hoorn	1
Jacobus Hermanus Belleflam	1
Jacobus Blom	1
Jacobus Haasbaart	1
Jacobus Goethals	1
Jacobus Egeling	1
Jacobus Cramer	1
Jacobus Crajenschot	1
Jacobus Bremer	1
Jacobus Boutkan	1
Jacobus Bois	1
Jacobus Blondél	1
Jacobus Adriaansz van Helmont	1
Jacob van J.H. Veen	1
Jacoba de Witt	1
Jacoba Schutte	1
Jacob van der Vorm	1
Jacob van der Port	1
Jacob van der Haar	1
Jacob van Stryen	1
Jacob van Staphorst	1
Jacob van Royen	1
Jacob van Overwyk	1
J.D.B. H.V.V.	1
J.D. van Steinen	1
J.D. V.J.D.S.H. Opperdoes	1
J. Bols	1
J. Daams	1
J. Croese	1
J. Costius	1
J. Coevershof	1
J. Bus	1
J. Burghards	1
J. Bos	1
J. Boots	1
J. Boonen	1
J. Bogert	1
J. Delcourt	1
J. Bloem	1
J. Bilderdijk	1
J. Beverwyk	1
J. Bent	1
Izaak Sart	1
Izaak Hanius	1
Izaak Enschedé	1
Izaak Du Du Sart	1
Izaak Bruyn	1
J. Danburg	1
J. Delsing	1
Isaäc Pierre Lalauze	1
J. Hoepelingh Pietersz	1
J. Langevelt	1
J. Lagendael Jansz.	1
J. Ketelhoed	1
J. Kamper	1
J. Jacobsz Zoutman	1
J. J.W. Croese	1
J. Houtman	1
J. Holiarhoek	1
J. Hoffham	1
J. Hendriksz Cats	1
J. Der Kinderen	1
J. Hantelman	1
J. Haitsma	1
J. Gybel	1
J. Francken	1
J. Erhard	1
J. Dull	1
J. Druyff	1
J. Doekes	1
J. Deutz	1
Izaak (Jr) Sart	1
Isaäc Corneille Rigail	1
J.D. Rompel	1
I.H.P.B.	1
I.V.L.	1
I.V. Gorcum	1
I.U.	1
I.T.	1
I.S.	1
I.N. van Genegen	1
I.M. Schröder	1
I.Iz Heisterman	1
I.I.V.	1
I.H. Boom	1
I.Wz Brink	1
I.G.W.F.M.	1
I.G.S.F.	1
I.F.A.Z.	1
I.F. Noppe	1
I.F. Cramerus	1
I.E.F.	1
I.C. Wijtstraet	1
I.B.	1
I. Striemes	1
I.W.	1
Ipeus Elcoma	1
Isaak van der Vinne	1
Isaac de Visscher	1
Isaak van Doorn	1
Isaak Boddens	1
Isaak Beukelaar	1
Isaacus V.A. Severinus van Adelhoorn	1
Isaacq van Beest	1
Isaac van der Styl	1
Isaac van der Strengh	1
Isaac van der Mijn	1
Isaac van Ryneveld	1
Isaac de Melander	1
Is Evers Vierevant	1
Isaac Wolfganck	1
Isaac Vincent	1
Isaac Ubingh	1
Isaac Stokmans	1
Isaac S.W.B. Boonen	1
Isaac Kintsius	1
Isaac Gruterus	1
Isaac Fortgens	1
Isaac Esser	1
J. Le Blon	1
J. Lindenbergh	1
J. Lohoff	1
J. van Geleyn	1
J. van Sassen	1
J. van Saen	1
J. van Ruelo	1
J. van Oosten	1
J. van Lohoff	1
J. van Loenen	1
J. van Kooywyk (Jr)	1
J. van Houte	1
J. van Hoolwerff	1
J. van Gebertshagen	1
J. van Tol	1
J. van Eibergen	1
J. van Echt	1
J. van Driest	1
J. van Crugten	1
J. van Bredehoff	1
J. v. V.	1
J. v. Tatenhove	1
J. v. Echt	1
J. v. D. n.z.	1
J. van Staden	1
J. van Wassen	1
J. Meyer	1
J.B.B.	1
J.D. Poorter	1
J.D. Brouwer van Staveren	1
J.Cz Bremer	1
J.C.W. J.V.D.B.	1
J.C.L.W.	1
J.C.A. J.H.B.R.	1
J.C. van Kinschot	1
J.C. van Arrewyne	1
J.C.	1
J.B. A.Blu. A.B.	1
J. van den Bogaard	1
J.A.T.	1
J.A. Sultz	1
J.A. Jacobi	1
J.A. J.S. Vilters	1
J. van der Tas van Yzenberg	1
J. van der Meulen	1
J. van der Hooght	1
J. van den Kommer	1
J. van den Bosch	1
J. de Winter	1
J. de Wilde (Jr)	1
J. de Wilde	1
J. Richelman	1
J. Terwen	1
J. Suderman	1
J. Steevensz	1
J. Staats	1
J. Specx	1
J. Spaar	1
J. Schröder	1
J. Schoonhoven	1
J. Ripping	1
J. Resanschavinum Boncq	1
J. de Roy	1
J. Reepmaker	1
J. Pluimer	1
J. Petri Kuppius	1
J. Pastorius	1
J. P.N.Jz Esser	1
J. Oosterdyk	1
J. Noelmans	1
J. Moulinars Lamigue	1
J. Moesbergh	1
J. Tielens	1
J. Tulp	1
J. Ubingh	1
J. Veen	1
J. de Roos	1
J. de Later	1
J. de Kruys	1
J. de Hoest	1
J. de Groot	1
J. de Graaff	1
J. de Geus	1
J. de Back	1
J. de (Jr) Bruyn	1
J. d'Outrein	1
J. Witte	1
J. Wilkens	1
J. Weyland	1
J. Wesselink	1
J. Wapenkamp geb. Bateman	1
J. Waliën	1
J. Vlakveld	1
J. Vincent	1
J. Veris Decker	1
Jan (Jr) Verlaan	1
Jan (Jr.) Claus	1
Jan Abrahamsz Sarvaas	1
Johannes Antonides van der Goes	1
Johannes Bredenburg	1
Johannes Brandt	1
Johannes Bout	1
Johannes Bouricius	1
Johannes Boll	1
Johannes Bidloo	1
Johannes Bernardus Wyngaerden	1
Johannes Bellingwout	1
Johannes Antonius Helvetius	1
Johannes Alderkerk	1
Johannes Bremer	1
Johannes 't Lam	1
Johanna Wilda van Wyhe	1
Johanna Mulier	1
Johanna Martens	1
Johanna Margaretha Moerbach	1
Johanna Katharina Luchtmans	1
Johanna Jacoba Scherenberg Smith	1
Johanna Geertruya de Ferro	1
Johanna Erkelens geb. van Overvelt	1
Johannes Bredenburg (Jr)	1
Johannes Bruyn	1
Johanna Catrina van Boneval	1
Johannes Esser	1
Johannes Heylman	1
Johannes Henricus Brans	1
Johannes Henricus Andreae	1
Johannes Hendrik Wynstok	1
Johannes H.A. Heydanus	1
Johannes Grafwegh	1
Johannes Gerhardia Besten	1
Johannes Garengroot (Jr)	1
Johannes Garengroot	1
Johannes Esgers	1
Johannes Bul	1
Johannes Engelbertus Molt	1
Johannes Duym	1
Johannes Duykerius	1
Johannes Duim	1
Johannes Domburg	1
Johannes Doitsma	1
Johannes Collert	1
Johannes Climene Petraeus	1
Johannes Carolus Schröder	1
Johanna Cornelia van Overveld	1
Johann Wilhelm Nagel	1
Joannes W.C. Rosiersz	1
Joannes van Nispen	1
Johan (jr) Heinius	1
Joh. Duym	1
Joh. Domburg	1
Jodocus Potter	1
Job van Meekeren	1
Joannis Leem	1
Joannes van Wena	1
Joannes van Wayenburg	1
Joannes van Spaan	1
Joannes van Lier	1
Johan Andriessen	1
Joannes ter Hoeven	1
Joannes ten Thye	1
Joannes de Wees	1
Joannes de Komans Canjoncle	1
Joannes de Jong	1
Joannes de Haan	1
Joannes de Canjoncle	1
Joannes Witma	1
Joannes Wichers	1
Johan Aegidiusz van der Marck	1
Johan Anthonie van Kinschot	1
Johann Valentin Neuber	1
Johan Nz Steengracht	1
Johann Christian Winter	1
Johanetta Elisabetha Remy geb. Hoffmann	1
Johan van den Broucke	1
Johan van Wynbergen	1
Johan van Dueren	1
Johan de Mauregnault	1
Johan baron van Arnhem	1
Johan Petrus van Hoogstraten	1
Johan Peter Heinius	1
Johan Nicolaas van Loon	1
Johan Beets	1
Johan Lodewyk Schuer	1
Johan Jacob van Drunen	1
Johan Henrich Strumpff	1
Johan Gerard van Borckeloo	1
Johan Ferleman	1
Johan Cornelissen den Ebo	1
Johan Conraed Carp	1
Johan Carstensz	1
Johan Carel Palier	1
Johannes Hoebe	1
Johannes Hoornbeeck	1
Johannes Hooykaas	1
Johannes van Peenen	1
John Forbes	1
Johannis Hendriksz de Raad	1
Johannis Goris	1
Johannes van der Marck	1
Johannes van den Oever	1
Johannes van den Bergh	1
Johannes van Wyck	1
Johannes van Stock	1
Johannes van Septeren	1
Johannes van Paddenburg	1
Jonas Cabeljau	1
Johannes van Oosterwyk	1
Johannes van Oosterhout	1
Johannes van Norden	1
Johannes van Leeuwen	1
Johannes van K.V.D. Brienen	1
Johannes van Geer	1
Johannes van Bueren	1
Johannes van Aelhuysen	1
Johannes de Wit (Jr)	1
Jonas Andries Repelaer	1
Jonas van Reigersbergh	1
Johannes Hubener	1
Js Lafrens	1
K. Bogaert	1
Justina Nucella	1
Jurian Hartwyk	1
Juriaan van Dyk	1
Jurgen Hartgers Hachmeester	1
Jurgen Hachmeester	1
Junior P.V.H.	1
Judith Anias	1
Js Liphart	1
Jozias Moens	1
Joost Nieuwhoff	1
Josua van Arrewyne	1
Josua de Smet	1
Josua Eversdyk	1
Josoas Raket	1
Josina Elisabeth van Kessel	1
Josephus Harkanyi	1
Josaphat Geerdinck	1
Joris Ponse	1
Joost Santes	1
Johannes de Maarschalk	1
Johannes de Laet	1
Johannes de Goede	1
Johannes Lublink	1
Johannes Molinaeus de jonge	1
Johannes Moesel	1
Johannes Meursius	1
Johannes Menkema	1
Johannes Medhurst	1
Johannes M.C.V.H. Schrader	1
Johannes Léser	1
Johannes Lups	1
Johannes Luchtmans	1
Johannes Leeser	1
Johannes de Broen	1
Johannes Koek	1
Johannes Jonas	1
Johannes Jansz de Ridder	1
Johannes Jacobus Vitriarius	1
Johannes J.H. Ratelband	1
Johannes Isacus Pontanus	1
Johannes Huytingh	1
Johannes Huisinga	1
Johannes Hubertus Constantinus van de Mortel	1
Johannes Muller	1
Johannes Myseras	1
Johannes Nicolaas Sellius	1
Johannes Nomsz	1
Johannes de Bey	1
Johannes de Beunje	1
Johannes d'Outrein	1
Johannes Wilhelmus Martini	1
Johannes Wassenaar	1
Johannes Wallis	1
Johannes Wagens	1
Johannes Vos	1
Johannes Verhaag	1
Johannes Vallee	1
Johannes Ulaeus	1
Johannes Tideman	1
Johannes Terwen	1
Johannes Smit	1
Johannes Schermer	1
Johannes Schardam	1
Johannes Rutgers	1
Johannes Polyander	1
Johannes Petrus Driessen	1
Joannes Wellerman	1
Joannes Ubelman	1
Jan Adriaen van Eyk	1
Jan Sart	1
Jan T.S. Terwen	1
Jan Suderman	1
Jan Spyker	1
Jan Spanseerder	1
Jan Snoek	1
Jan Sinkel	1
Jan Simons	1
Jan Schutstal	1
Jan Schotvanger	1
Jan S.H.R. Bosch	1
Jan Veeckens	1
Jan Ruts	1
Jan Pietersz Kruyf	1
Jan Pieter Rathlauw	1
Jan Petersen	1
Jan Oldenhoven van Ryneveld	1
Jan Norel	1
Jan Nicolaas van Eys	1
Jan Marchand	1
Jan Lons	1
Jan T.S. Ys	1
Jan Veenendaal	1
Jan Laasbye	1
Jan Wybrandsz Sandwyk	1
Jan van Dalen	1
Jan ten Houten	1
Jan de Witt	1
Jan de Water	1
Jan de Groot	1
Jan de Bruyne	1
Jan de Backer	1
Jan de (Antoonz) Groot	1
Jan Ys	1
Jan Wils	1
Jan Verlaan	1
Jan Willemsz Veening	1
Jan Willem van Steenbergen	1
Jan Willem Roscam	1
Jan Wenkink	1
Jan Wagenaar	1
Jan Vriesenburgh	1
Jan Vriesenburg	1
Jan Vos (18e eeuw)	1
Jan Verpoorten	1
Jan Lemmers	1
Jan Kouwe	1
Joannes Scheers	1
Jan Claesz van Dorp	1
Jan G.W.R.L.R.G.D.M.B.T.H.M.K.V.B.B. Mol	1
Jan Fremyn	1
Jan Franx	1
Jan Fransz Rigail	1
Jan Engelbregt	1
Jan Damman	1
Jan Croon	1
Jan Cos	1
Jan Cornelisz Ruyg	1
Jan Christoffers	1
Jan Gerritsz Jonghart	1
Jan Bronlandt	1
Jan Brandt (Jr)	1
Jan Bouman	1
Jan Bitter	1
Jan Bernard Bierbaum	1
Jan Berewouts	1
Jan Bara	1
Jan Asschenberg	1
Jan Ariense Kruyf	1
Jan George ten Sande	1
Jan Goedhart	1
Jan Kauwelier	1
Jan Jacob Hartsinck	1
Jan Kalckoen	1
Jan Jager	1
Jan Jacobsz van der Valk	1
Jan Jacobsz van Ommering	1
Jan Jacobsz de Groot	1
Jan Jacobsz Schipper	1
Jan Jacobsz Marcus	1
Jan Jacob Vroom	1
Jan Jacob Momma	1
Jan Jacob Brahe	1
Jan Graauwhart	1
Jan Isaaksz Wallis	1
Jan Hudde Dedel	1
Jan Hoogeveen (1671-1730)	1
Jan Hondius	1
Jan Hendriksz Luden	1
Jan Hendrik Rauwenhoff	1
Jan Hendrik Fogh	1
Jan Hendrik Duisenberg	1
Jan Harmensz Krul	1
Jan van Dilsen	1
Jan van Duisbergh	1
Jan van Gerwen	1
Joannes Bollard	1
Joannes Gesner	1
Joannes Fredericus Gronovius	1
Joannes Fockens	1
Joannes Egmond	1
Joannes Du Sart	1
Joannes Doornik	1
Joannes Cuperus	1
Joannes Cools	1
Joannes Braam van Yver	1
Joannes Bogaert	1
Joannes Halewyn	1
Joannes Bidloo	1
Joannes Barnard Raems	1
Joannes Atlee	1
Joannes Antonius Tronchinus	1
Joannes Alexander Röell	1
Joannes Abraham Putman	1
Joannes (Jr) Bruynvis	1
Joannes  Oosterwyk	1
Joanna Schagen	1
Joannes Graafman	1
Joannes Hemmes	1
Jan van Hoven	1
Joannes Macquet	1
Joannes Rosiersz	1
Joannes Roelants	1
Joannes Philippus Laurentius Withof	1
Joannes Petrus Hemrika	1
Joannes Oudemans	1
Joannes Michaël Lageman	1
Joannes Meylink	1
Joannes Martinus Themmen	1
Joannes Maiden	1
Joannes Lette	1
Joannes Henricus van Groin	1
Joannes Lambertus ter Hoeven	1
Joannes Janzonius	1
Joannes Jacobus Jotzselaar	1
Joannes J.J. Jens	1
Joannes J.D.R. Naeranus	1
Joannes Isaaksz Sart	1
Joannes Isaaksz Du Sart	1
Joannes Hildebrand Withof	1
Joannes Heringa	1
Joanna Katharina van Malsen	1
Joan van Tongeren	1
Joan ter Hoeven	1
Jan. van Vliet	1
Jean Daniel Eylert	1
Jean Bottier	1
Jc Der Kinderen	1
Jb. Der Kinderen	1
Jasper Köneken	1
Jaques Jacobsz Rombouts	1
Japik Andriessen	1
Janus Outman van Aalst	1
Jannetje Claver	1
Jan van der Sluys	1
Joan onder de Linden	1
Jan van der Grift	1
Jan van Yver Noorlé	1
Jan van Varelen	1
Jan van Sterlingh	1
Jan van Staphorst	1
Jan van Norel	1
Jan van Noorlé	1
Jan van Markel	1
Jan van Koppenol	1
Jean Lanting	1
Jean Rigail (Jr)	1
Jean Théodore Blondeau	1
Jean van der Linde	1
Joan de Vicq	1
Joan de Ferro	1
Joan Lubeex	1
Joan Helmans	1
Joan Geelvinck	1
Joan Doncan	1
Joan Casper Gevaerts	1
Joan Bouman (Jr)	1
Joan Andriesz Calkoen	1
Joachim Oudaen (1716-1787	1
Joachim Heinrich Hagemeister	1
Jn Der Kinderen	1
Jerphs. Jan van Woesik	1
Jeronimus Nolthenius	1
Jeronimus Balthsz Nolthenius	1
Jeremias van der Meer	1
Jeremias van der Grijp	1
Jeremias Hollebeek	1
Jeanne Rigail	1
A.	1
